Date,Campaign,Spend,Clicks,Impressions,Conversions
2024-01-01,Bing_Search_Brand,169.79,169,8150,2
2024-01-01,Bing_Shopping,236.82,236,11368,3
2024-01-02,Bing_Search_Brand,108.16,122,5027,2
2024-01-02,Bing_Shopping,151.0,171,7018,2
2024-01-03,Bing_Search_Brand,93.43,96,3342,1
2024-01-03,Bing_Shopping,137.34,142,4913,2
2024-01-04,Bing_Search_Brand,198.96,191,7413,3
2024-01-04,Bing_Shopping,284.11,273,10586,4
2024-01-05,Bing_Search_Brand,112.28,118,4781,2
2024-01-05,Bing_Shopping,147.48,155,6280,2
2024-01-06,Bing_Search_Brand,115.91,118,4764,2
2024-01-06,Bing_Shopping,164.4,168,6756,3
2024-01-07,Bing_Search_Brand,85.13,85,3921,1
2024-01-07,Bing_Shopping,132.17,133,6088,1
2024-01-08,Bing_Search_Brand,140.01,155,6930,2
2024-01-08,Bing_Shopping,191.89,213,9498,4
2024-01-09,Bing_Search_Brand,167.6,160,6588,2
2024-01-09,Bing_Shopping,242.75,232,9542,4
2024-01-10,Bing_Search_Brand,157.26,161,6239,3
2024-01-10,Bing_Shopping,203.61,208,8078,4
2024-01-11,Bing_Search_Brand,195.71,200,7191,4
2024-01-11,Bing_Shopping,243.84,249,8960,5
2024-01-12,Bing_Search_Brand,107.49,123,4904,2
2024-01-12,Bing_Shopping,151.01,174,6889,2
2024-01-13,Bing_Search_Brand,107.72,108,3735,2
2024-01-13,Bing_Shopping,152.34,153,5282,3
2024-01-14,Bing_Search_Brand,120.3,122,4122,2
2024-01-14,Bing_Shopping,171.37,175,5873,3
2024-01-15,Bing_Search_Brand,135.12,130,4781,2
2024-01-15,Bing_Shopping,201.42,195,7127,4
2024-01-16,Bing_Search_Brand,127.67,136,4753,2
2024-01-16,Bing_Shopping,216.39,231,8056,3
2024-01-17,Bing_Search_Brand,115.82,128,5837,2
2024-01-17,Bing_Shopping,148.62,165,7490,2
2024-01-18,Bing_Search_Brand,129.26,140,6533,2
2024-01-18,Bing_Shopping,202.3,220,10225,4
2024-01-19,Bing_Search_Brand,119.94,129,4882,2
2024-01-19,Bing_Shopping,145.02,156,5902,2
2024-01-20,Bing_Search_Brand,84.77,94,4509,1
2024-01-20,Bing_Shopping,130.32,145,6932,2
2024-01-21,Bing_Search_Brand,102.97,101,4200,1
2024-01-21,Bing_Shopping,166.71,164,6801,2
2024-01-22,Bing_Search_Brand,106.52,104,3822,1
2024-01-22,Bing_Shopping,139.28,136,4997,1
2024-01-23,Bing_Search_Brand,96.05,101,3486,1
2024-01-23,Bing_Shopping,153.43,162,5569,1
2024-01-24,Bing_Search_Brand,64.41,69,2851,1
2024-01-24,Bing_Shopping,97.07,104,4297,1
2024-01-25,Bing_Search_Brand,193.44,224,9750,4
2024-01-25,Bing_Shopping,268.99,312,13558,6
2024-01-26,Bing_Search_Brand,123.36,125,4818,2
2024-01-26,Bing_Shopping,186.84,189,7297,4
2024-01-27,Bing_Search_Brand,107.05,103,4752,1
2024-01-27,Bing_Shopping,151.01,146,6703,2
2024-01-28,Bing_Search_Brand,100.31,109,4456,1
2024-01-28,Bing_Shopping,146.84,159,6524,2
2024-01-29,Bing_Search_Brand,55.88,58,2354,0
2024-01-29,Bing_Shopping,78.27,82,3298,1
2024-01-30,Bing_Search_Brand,116.58,119,4799,2
2024-01-30,Bing_Shopping,182.3,187,7505,3
2024-01-31,Bing_Search_Brand,148.16,142,5658,2
2024-01-31,Bing_Shopping,222.19,214,8485,3
2024-02-01,Bing_Search_Brand,144.27,150,6668,2
2024-02-01,Bing_Shopping,235.48,244,10884,4
2024-02-02,Bing_Search_Brand,116.31,121,5309,2
2024-02-02,Bing_Shopping,190.63,198,8702,4
2024-02-03,Bing_Search_Brand,104.47,108,4785,1
2024-02-03,Bing_Shopping,163.22,170,7476,3
2024-02-04,Bing_Search_Brand,139.81,158,7891,2
2024-02-04,Bing_Shopping,215.62,245,12170,3
2024-02-05,Bing_Search_Brand,121.06,137,5284,2
2024-02-05,Bing_Shopping,177.09,201,7730,3
2024-02-06,Bing_Search_Brand,155.57,170,6170,2
2024-02-06,Bing_Shopping,232.84,255,9235,3
2024-02-07,Bing_Search_Brand,133.59,133,4873,2
2024-02-07,Bing_Shopping,174.87,174,6378,3
2024-02-08,Bing_Search_Brand,101.83,108,4500,1
2024-02-08,Bing_Shopping,156.34,167,6908,2
2024-02-09,Bing_Search_Brand,82.49,89,3952,1
2024-02-09,Bing_Shopping,145.06,156,6950,2
2024-02-10,Bing_Search_Brand,77.16,83,3058,1
2024-02-10,Bing_Shopping,117.3,126,4649,2
2024-02-11,Bing_Search_Brand,117.15,124,4610,1
2024-02-11,Bing_Shopping,166.63,176,6557,2
2024-02-12,Bing_Search_Brand,106.23,102,3985,2
2024-02-12,Bing_Shopping,143.51,138,5383,2
2024-02-13,Bing_Search_Brand,103.76,110,3638,2
2024-02-13,Bing_Shopping,155.92,165,5467,3
2024-02-14,Bing_Search_Brand,168.32,184,7399,2
2024-02-14,Bing_Shopping,222.98,244,9802,3
2024-02-15,Bing_Search_Brand,157.1,164,6797,3
2024-02-15,Bing_Shopping,211.49,221,9151,4
2024-02-16,Bing_Search_Brand,133.29,128,5384,1
2024-02-16,Bing_Shopping,204.17,196,8248,2
2024-02-17,Bing_Search_Brand,106.75,115,5671,1
2024-02-17,Bing_Shopping,184.57,199,9806,2
2024-02-18,Bing_Search_Brand,97.49,109,4046,1
2024-02-18,Bing_Shopping,138.73,155,5758,2
2024-02-19,Bing_Search_Brand,141.38,152,6185,2
2024-02-19,Bing_Shopping,181.72,196,7950,3
2024-02-20,Bing_Search_Brand,153.88,160,6061,3
2024-02-20,Bing_Shopping,217.03,226,8548,4
2024-02-21,Bing_Search_Brand,109.42,111,3636,1
2024-02-21,Bing_Shopping,175.63,178,5836,3
2024-02-22,Bing_Search_Brand,97.43,97,4082,1
2024-02-22,Bing_Shopping,142.89,142,5986,2
2024-02-23,Bing_Search_Brand,108.41,120,6712,1
2024-02-23,Bing_Shopping,155.21,172,9610,2
2024-02-24,Bing_Search_Brand,145.52,161,6094,2
2024-02-24,Bing_Shopping,225.57,249,9447,4
2024-02-25,Bing_Search_Brand,93.35,99,3915,1
2024-02-25,Bing_Shopping,151.46,161,6352,2
2024-02-26,Bing_Search_Brand,173.51,176,7719,2
2024-02-26,Bing_Shopping,237.59,241,10570,3
2024-02-27,Bing_Search_Brand,140.95,158,6062,2
2024-02-27,Bing_Shopping,198.62,223,8543,3
2024-02-28,Bing_Search_Brand,173.09,188,6877,3
2024-02-28,Bing_Shopping,261.64,284,10395,5
2024-02-29,Bing_Search_Brand,164.81,178,8062,2
2024-02-29,Bing_Shopping,220.89,239,10806,3
2024-03-01,Bing_Search_Brand,127.56,127,5295,2
2024-03-01,Bing_Shopping,194.71,194,8082,3
2024-03-02,Bing_Search_Brand,105.25,107,3658,2
2024-03-02,Bing_Shopping,159.02,162,5528,3
2024-03-03,Bing_Search_Brand,126.08,126,5533,2
2024-03-03,Bing_Shopping,221.79,222,9733,3
2024-03-04,Bing_Search_Brand,131.42,129,5123,1
2024-03-04,Bing_Shopping,210.57,206,8208,3
2024-03-05,Bing_Search_Brand,211.32,225,13176,4
2024-03-05,Bing_Shopping,296.08,316,18461,6
2024-03-06,Bing_Search_Brand,93.96,105,5123,1
2024-03-06,Bing_Shopping,134.68,150,7343,2
2024-03-07,Bing_Search_Brand,142.95,160,6294,3
2024-03-07,Bing_Shopping,197.81,221,8710,4
2024-03-08,Bing_Search_Brand,129.22,150,5235,2
2024-03-08,Bing_Shopping,187.82,218,7610,4
2024-03-09,Bing_Search_Brand,89.52,96,4613,1
2024-03-09,Bing_Shopping,124.56,134,6419,2
2024-03-10,Bing_Search_Brand,131.8,141,5606,2
2024-03-10,Bing_Shopping,190.77,204,8113,3
2024-03-11,Bing_Search_Brand,91.59,92,3872,2
2024-03-11,Bing_Shopping,137.59,138,5816,3
2024-03-12,Bing_Search_Brand,125.27,131,4724,2
2024-03-12,Bing_Shopping,169.51,178,6393,2
2024-03-13,Bing_Search_Brand,87.82,94,4444,1
2024-03-13,Bing_Shopping,136.04,146,6885,2
2024-03-14,Bing_Search_Brand,184.95,195,7448,4
2024-03-14,Bing_Shopping,262.48,277,10570,6
2024-03-15,Bing_Search_Brand,119.43,132,5755,2
2024-03-15,Bing_Shopping,173.06,192,8340,3
2024-03-16,Bing_Search_Brand,138.88,138,5397,2
2024-03-16,Bing_Shopping,235.41,234,9148,4
2024-03-17,Bing_Search_Brand,120.49,132,5244,2
2024-03-17,Bing_Shopping,201.94,221,8788,4
2024-03-18,Bing_Search_Brand,150.61,168,6953,3
2024-03-18,Bing_Shopping,193.62,216,8939,4
2024-03-19,Bing_Search_Brand,121.69,122,4642,1
2024-03-19,Bing_Shopping,181.92,183,6939,2
2024-03-20,Bing_Search_Brand,128.52,130,5210,2
2024-03-20,Bing_Shopping,167.83,171,6803,3
2024-03-21,Bing_Search_Brand,161.39,186,7577,3
2024-03-21,Bing_Shopping,231.09,266,10849,5
2024-03-22,Bing_Search_Brand,124.93,125,5244,2
2024-03-22,Bing_Shopping,180.76,181,7588,3
2024-03-23,Bing_Search_Brand,87.59,95,3787,1
2024-03-23,Bing_Shopping,115.25,125,4983,2
2024-03-24,Bing_Search_Brand,84.34,90,3523,1
2024-03-24,Bing_Shopping,111.44,119,4655,2
2024-03-25,Bing_Search_Brand,101.56,105,4797,1
2024-03-25,Bing_Shopping,156.16,162,7377,2
2024-03-26,Bing_Search_Brand,216.8,221,9228,3
2024-03-26,Bing_Shopping,297.95,303,12681,4
2024-03-27,Bing_Search_Brand,214.06,220,10079,3
2024-03-27,Bing_Shopping,325.7,334,15336,5
2024-03-28,Bing_Search_Brand,142.7,150,6047,2
2024-03-28,Bing_Shopping,212.48,224,9005,4
2024-03-29,Bing_Search_Brand,117.35,126,5429,2
2024-03-29,Bing_Shopping,163.18,175,7549,3
2024-03-30,Bing_Search_Brand,113.48,116,4279,2
2024-03-30,Bing_Shopping,139.91,144,5275,2
2024-03-31,Bing_Search_Brand,92.46,97,3619,2
2024-03-31,Bing_Shopping,140.04,148,5481,3
2024-04-01,Bing_Search_Brand,161.5,155,6974,3
2024-04-01,Bing_Shopping,240.35,230,10380,4
2024-04-02,Bing_Search_Brand,200.89,205,8204,3
2024-04-02,Bing_Shopping,269.84,275,11020,5
2024-04-03,Bing_Search_Brand,123.28,136,5067,2
2024-04-03,Bing_Shopping,161.36,178,6632,3
2024-04-04,Bing_Search_Brand,138.59,149,6110,2
2024-04-04,Bing_Shopping,199.29,215,8786,4
2024-04-05,Bing_Search_Brand,99.54,104,4568,1
2024-04-05,Bing_Shopping,160.61,168,7372,3
2024-04-06,Bing_Search_Brand,105.21,103,4766,2
2024-04-06,Bing_Shopping,140.48,138,6365,2
2024-04-07,Bing_Search_Brand,136.81,133,4854,2
2024-04-07,Bing_Shopping,198.14,193,7031,4
2024-04-08,Bing_Search_Brand,97.59,104,3777,1
2024-04-08,Bing_Shopping,144.15,154,5580,2
2024-04-09,Bing_Search_Brand,165.65,183,7509,3
2024-04-09,Bing_Shopping,245.4,271,11124,5
2024-04-10,Bing_Search_Brand,163.92,182,6691,2
2024-04-10,Bing_Shopping,229.58,255,9372,3
2024-04-11,Bing_Search_Brand,144.7,149,9312,3
2024-04-11,Bing_Shopping,188.54,195,12133,4
2024-04-12,Bing_Search_Brand,158.02,148,5115,2
2024-04-12,Bing_Shopping,204.82,192,6630,3
2024-04-13,Bing_Search_Brand,114.2,116,4751,2
2024-04-13,Bing_Shopping,166.77,170,6938,3
2024-04-14,Bing_Search_Brand,157.69,181,7125,2
2024-04-14,Bing_Shopping,208.86,239,9437,3
2024-04-15,Bing_Search_Brand,92.39,100,4199,2
2024-04-15,Bing_Shopping,140.06,153,6366,3
2024-04-16,Bing_Search_Brand,138.61,150,5163,2
2024-04-16,Bing_Shopping,200.65,218,7474,3
2024-04-17,Bing_Search_Brand,161.96,177,8149,3
2024-04-17,Bing_Shopping,220.52,242,11095,4
2024-04-18,Bing_Search_Brand,59.96,64,2183,1
2024-04-18,Bing_Shopping,98.48,105,3585,1
2024-04-19,Bing_Search_Brand,92.3,95,3638,1
2024-04-19,Bing_Shopping,138.3,142,5451,2
2024-04-20,Bing_Search_Brand,101.1,102,3808,1
2024-04-20,Bing_Shopping,125.31,126,4720,2
2024-04-21,Bing_Search_Brand,148.49,147,6155,2
2024-04-21,Bing_Shopping,198.77,197,8239,3
2024-04-22,Bing_Search_Brand,116.4,118,5644,2
2024-04-22,Bing_Shopping,163.07,166,7907,3
2024-04-23,Bing_Search_Brand,111.59,130,4703,2
2024-04-23,Bing_Shopping,165.9,194,6993,3
2024-04-24,Bing_Search_Brand,179.85,200,7723,3
2024-04-24,Bing_Shopping,249.33,277,10707,4
2024-04-25,Bing_Search_Brand,91.13,96,3317,1
2024-04-25,Bing_Shopping,140.44,148,5112,2
2024-04-26,Bing_Search_Brand,68.86,71,2936,1
2024-04-26,Bing_Shopping,94.65,98,4036,1
2024-04-27,Bing_Search_Brand,93.5,94,3961,1
2024-04-27,Bing_Shopping,140.61,141,5957,2
2024-04-28,Bing_Search_Brand,87.45,91,3145,1
2024-04-28,Bing_Shopping,108.26,113,3893,1
2024-04-29,Bing_Search_Brand,91.05,95,3101,1
2024-04-29,Bing_Shopping,142.8,149,4864,2
2024-04-30,Bing_Search_Brand,149.11,154,6182,3
2024-04-30,Bing_Shopping,224.89,233,9324,4
2024-05-01,Bing_Search_Brand,174.86,186,8198,3
2024-05-01,Bing_Shopping,234.37,249,10989,4
2024-05-02,Bing_Search_Brand,155.19,162,5923,2
2024-05-02,Bing_Shopping,221.05,231,8437,3
2024-05-03,Bing_Search_Brand,148.03,146,6061,2
2024-05-03,Bing_Shopping,229.19,227,9384,4
2024-05-04,Bing_Search_Brand,135.71,143,5339,2
2024-05-04,Bing_Shopping,209.45,220,8241,3
2024-05-05,Bing_Search_Brand,59.17,62,2569,1
2024-05-05,Bing_Shopping,97.43,102,4231,1
2024-05-06,Bing_Search_Brand,138.22,145,4900,3
2024-05-06,Bing_Shopping,190.14,200,6741,4
2024-05-07,Bing_Search_Brand,116.22,114,4999,2
2024-05-07,Bing_Shopping,186.38,183,8017,3
2024-05-08,Bing_Search_Brand,118.06,131,4978,2
2024-05-08,Bing_Shopping,177.68,198,7493,3
2024-05-09,Bing_Search_Brand,173.75,167,7104,3
2024-05-09,Bing_Shopping,208.63,200,8530,3
2024-05-10,Bing_Search_Brand,74.33,83,3449,1
2024-05-10,Bing_Shopping,111.83,125,5190,1
2024-05-11,Bing_Search_Brand,73.28,79,3355,1
2024-05-11,Bing_Shopping,101.63,110,4654,1
2024-05-12,Bing_Search_Brand,137.84,139,5127,2
2024-05-12,Bing_Shopping,173.76,175,6463,3
2024-05-13,Bing_Search_Brand,141.53,141,5082,2
2024-05-13,Bing_Shopping,197.2,196,7081,3
2024-05-14,Bing_Search_Brand,141.15,160,6005,2
2024-05-14,Bing_Shopping,223.16,253,9494,3
2024-05-15,Bing_Search_Brand,120.17,133,5425,2
2024-05-15,Bing_Shopping,175.25,195,7911,4
2024-05-16,Bing_Search_Brand,148.62,153,6054,2
2024-05-16,Bing_Shopping,234.11,242,9537,4
2024-05-17,Bing_Search_Brand,126.68,118,4285,1
2024-05-17,Bing_Shopping,211.82,198,7166,3
2024-05-18,Bing_Search_Brand,124.71,123,4431,2
2024-05-18,Bing_Shopping,174.43,172,6198,3
2024-05-19,Bing_Search_Brand,79.88,84,5011,1
2024-05-19,Bing_Shopping,134.42,142,8433,1
2024-05-20,Bing_Search_Brand,109.61,132,5463,2
2024-05-20,Bing_Shopping,172.21,207,8582,3
2024-05-21,Bing_Search_Brand,183.13,191,7888,3
2024-05-21,Bing_Shopping,256.82,269,11062,4
2024-05-22,Bing_Search_Brand,183.35,189,7006,3
2024-05-22,Bing_Shopping,257.9,266,9855,4
2024-05-23,Bing_Search_Brand,140.96,151,6091,2
2024-05-23,Bing_Shopping,186.04,199,8040,3
2024-05-24,Bing_Search_Brand,111.97,123,4532,1
2024-05-24,Bing_Shopping,170.28,187,6892,2
2024-05-25,Bing_Search_Brand,99.0,103,4740,2
2024-05-25,Bing_Shopping,145.76,151,6978,3
2024-05-26,Bing_Search_Brand,117.69,130,5056,2
2024-05-26,Bing_Shopping,174.1,192,7479,3
2024-05-27,Bing_Search_Brand,112.48,107,3880,1
2024-05-27,Bing_Shopping,172.76,165,5959,3
2024-05-28,Bing_Search_Brand,58.86,57,2772,0
2024-05-28,Bing_Shopping,92.62,89,4363,1
2024-05-29,Bing_Search_Brand,167.77,170,5238,3
2024-05-29,Bing_Shopping,290.9,295,9082,5
2024-05-30,Bing_Search_Brand,190.36,199,6979,4
2024-05-30,Bing_Shopping,276.15,289,10124,5
2024-05-31,Bing_Search_Brand,111.04,120,4831,2
2024-05-31,Bing_Shopping,152.08,165,6617,2
2024-06-01,Bing_Search_Brand,84.01,88,3923,1
2024-06-01,Bing_Shopping,125.45,131,5859,2
2024-06-02,Bing_Search_Brand,115.11,111,4546,2
2024-06-02,Bing_Shopping,174.65,168,6897,3
2024-06-03,Bing_Search_Brand,115.26,116,4593,2
2024-06-03,Bing_Shopping,188.59,189,7516,4
2024-06-04,Bing_Search_Brand,185.14,192,7324,4
2024-06-04,Bing_Shopping,275.04,286,10881,6
2024-06-05,Bing_Search_Brand,137.5,137,4675,2
2024-06-05,Bing_Shopping,235.45,236,8007,4
2024-06-06,Bing_Search_Brand,119.52,122,5175,2
2024-06-06,Bing_Shopping,160.65,163,6956,3
2024-06-07,Bing_Search_Brand,83.07,85,3198,1
2024-06-07,Bing_Shopping,129.34,132,4980,1
2024-06-08,Bing_Search_Brand,117.61,117,5561,2
2024-06-08,Bing_Shopping,176.28,176,8335,3
2024-06-09,Bing_Search_Brand,137.12,140,5910,2
2024-06-09,Bing_Shopping,175.5,179,7564,3
2024-06-10,Bing_Search_Brand,156.26,157,6011,2
2024-06-10,Bing_Shopping,215.26,216,8281,3
2024-06-11,Bing_Search_Brand,123.37,128,4741,2
2024-06-11,Bing_Shopping,168.55,175,6477,3
2024-06-12,Bing_Search_Brand,217.45,231,10189,4
2024-06-12,Bing_Shopping,316.82,337,14845,6
2024-06-13,Bing_Search_Brand,85.3,92,3903,1
2024-06-13,Bing_Shopping,132.48,143,6063,2
2024-06-14,Bing_Search_Brand,149.37,162,5542,3
2024-06-14,Bing_Shopping,192.85,210,7156,4
2024-06-15,Bing_Search_Brand,73.23,84,2953,1
2024-06-15,Bing_Shopping,105.17,120,4241,1
2024-06-16,Bing_Search_Brand,93.98,103,4053,1
2024-06-16,Bing_Shopping,150.56,166,6493,2
2024-06-17,Bing_Search_Brand,159.49,176,9644,4
2024-06-17,Bing_Shopping,270.97,299,16386,6
2024-06-18,Bing_Search_Brand,174.57,188,5796,3
2024-06-18,Bing_Shopping,247.49,267,8217,5
2024-06-19,Bing_Search_Brand,137.1,133,5342,2
2024-06-19,Bing_Shopping,183.23,178,7139,3
2024-06-20,Bing_Search_Brand,115.38,122,5074,2
2024-06-20,Bing_Shopping,181.03,191,7962,4
2024-06-21,Bing_Search_Brand,136.11,141,6019,2
2024-06-21,Bing_Shopping,189.63,196,8386,3
2024-06-22,Bing_Search_Brand,127.02,131,5037,2
2024-06-22,Bing_Shopping,187.02,193,7416,3
2024-06-23,Bing_Search_Brand,129.8,125,4811,2
2024-06-23,Bing_Shopping,226.83,219,8408,3
2024-06-24,Bing_Search_Brand,111.99,121,4353,2
2024-06-24,Bing_Shopping,175.08,189,6805,3
2024-06-25,Bing_Search_Brand,97.7,103,4679,1
2024-06-25,Bing_Shopping,153.74,163,7362,3
2024-06-26,Bing_Search_Brand,163.33,172,7173,2
2024-06-26,Bing_Shopping,216.61,228,9513,3
2024-06-27,Bing_Search_Brand,145.02,143,4618,2
2024-06-27,Bing_Shopping,174.32,172,5551,2
2024-06-28,Bing_Search_Brand,94.63,92,3618,2
2024-06-28,Bing_Shopping,135.88,133,5196,3
2024-06-29,Bing_Search_Brand,119.51,122,5000,2
2024-06-29,Bing_Shopping,184.5,188,7719,3
2024-06-30,Bing_Search_Brand,117.03,115,5211,2
2024-06-30,Bing_Shopping,157.89,155,7030,2
2024-07-01,Bing_Search_Brand,159.57,166,6270,3
2024-07-01,Bing_Shopping,197.03,205,7743,4
2024-07-02,Bing_Search_Brand,132.48,140,5007,2
2024-07-02,Bing_Shopping,183.92,195,6952,3
2024-07-03,Bing_Search_Brand,182.96,181,6557,3
2024-07-03,Bing_Shopping,254.98,252,9139,4
2024-07-04,Bing_Search_Brand,95.32,97,4024,1
2024-07-04,Bing_Shopping,139.69,142,5898,2
2024-07-05,Bing_Search_Brand,94.93,103,3983,1
2024-07-05,Bing_Shopping,147.19,161,6176,2
2024-07-06,Bing_Search_Brand,96.2,96,3199,1
2024-07-06,Bing_Shopping,156.33,156,5199,2
2024-07-07,Bing_Search_Brand,150.03,159,5649,2
2024-07-07,Bing_Shopping,243.46,258,9167,3
2024-07-08,Bing_Search_Brand,146.73,156,6923,2
2024-07-08,Bing_Shopping,219.82,234,10372,4
2024-07-09,Bing_Search_Brand,204.77,205,11843,3
2024-07-09,Bing_Shopping,258.6,259,14957,4
2024-07-10,Bing_Search_Brand,199.77,211,8155,4
2024-07-10,Bing_Shopping,307.26,324,12543,6
2024-07-11,Bing_Search_Brand,237.0,244,8915,4
2024-07-11,Bing_Shopping,379.04,390,14259,6
2024-07-12,Bing_Search_Brand,129.46,131,6051,2
2024-07-12,Bing_Shopping,172.37,175,8056,3
2024-07-13,Bing_Search_Brand,140.61,154,6179,2
2024-07-13,Bing_Shopping,223.74,245,9833,4
2024-07-14,Bing_Search_Brand,145.38,149,6185,3
2024-07-14,Bing_Shopping,206.85,213,8800,4
2024-07-15,Bing_Search_Brand,157.4,154,6107,2
2024-07-15,Bing_Shopping,219.36,215,8512,3
2024-07-16,Bing_Search_Brand,214.95,237,10179,4
2024-07-16,Bing_Shopping,285.91,316,13539,6
2024-07-17,Bing_Search_Brand,155.08,159,5522,3
2024-07-17,Bing_Shopping,194.3,199,6919,3
2024-07-18,Bing_Search_Brand,138.34,152,5982,2
2024-07-18,Bing_Shopping,172.75,190,7470,2
2024-07-19,Bing_Search_Brand,138.59,138,6173,2
2024-07-19,Bing_Shopping,203.78,202,9077,3
2024-07-20,Bing_Search_Brand,121.72,121,4376,2
2024-07-20,Bing_Shopping,150.19,149,5399,2
2024-07-21,Bing_Search_Brand,136.04,145,6866,2
2024-07-21,Bing_Shopping,189.75,203,9577,3
2024-07-22,Bing_Search_Brand,159.97,150,5215,2
2024-07-22,Bing_Shopping,270.76,254,8826,4
2024-07-23,Bing_Search_Brand,150.71,149,5354,3
2024-07-23,Bing_Shopping,197.33,196,7010,4
2024-07-24,Bing_Search_Brand,153.09,155,5321,2
2024-07-24,Bing_Shopping,219.97,223,7646,3
2024-07-25,Bing_Search_Brand,151.13,153,6268,2
2024-07-25,Bing_Shopping,201.08,204,8340,3
2024-07-26,Bing_Search_Brand,113.98,113,4841,1
2024-07-26,Bing_Shopping,186.93,186,7939,3
2024-07-27,Bing_Search_Brand,66.25,73,2901,1
2024-07-27,Bing_Shopping,111.61,123,4887,1
2024-07-28,Bing_Search_Brand,107.14,111,4504,2
2024-07-28,Bing_Shopping,160.53,167,6748,3
2024-07-29,Bing_Search_Brand,147.56,152,6606,2
2024-07-29,Bing_Shopping,224.93,232,10070,4
2024-07-30,Bing_Search_Brand,176.43,189,8112,3
2024-07-30,Bing_Shopping,285.93,306,13147,5
2024-07-31,Bing_Search_Brand,123.44,126,5296,2
2024-07-31,Bing_Shopping,178.43,183,7656,3
2024-08-01,Bing_Search_Brand,122.22,120,5612,2
2024-08-01,Bing_Shopping,172.97,170,7942,3
2024-08-02,Bing_Search_Brand,131.69,141,5239,2
2024-08-02,Bing_Shopping,178.65,192,7107,3
2024-08-03,Bing_Search_Brand,66.96,70,2842,0
2024-08-03,Bing_Shopping,98.03,103,4161,1
2024-08-04,Bing_Search_Brand,104.32,114,4765,2
2024-08-04,Bing_Shopping,145.84,160,6662,3
2024-08-05,Bing_Search_Brand,83.2,96,4456,1
2024-08-05,Bing_Shopping,135.73,157,7270,3
2024-08-06,Bing_Search_Brand,196.36,198,9211,4
2024-08-06,Bing_Shopping,300.84,303,14113,6
2024-08-07,Bing_Search_Brand,143.84,151,4917,3
2024-08-07,Bing_Shopping,177.34,186,6062,3
2024-08-08,Bing_Search_Brand,204.24,214,9266,3
2024-08-08,Bing_Shopping,255.46,267,11590,4
2024-08-09,Bing_Search_Brand,154.39,171,6375,2
2024-08-09,Bing_Shopping,212.85,235,8789,3
2024-08-10,Bing_Search_Brand,109.28,115,4550,2
2024-08-10,Bing_Shopping,156.79,166,6529,3
2024-08-11,Bing_Search_Brand,84.68,84,5051,1
2024-08-11,Bing_Shopping,133.71,132,7975,2
2024-08-12,Bing_Search_Brand,143.27,150,4955,3
2024-08-12,Bing_Shopping,192.46,202,6657,4
2024-08-13,Bing_Search_Brand,137.96,144,5349,3
2024-08-13,Bing_Shopping,218.36,229,8467,4
2024-08-14,Bing_Search_Brand,187.65,195,8606,4
2024-08-14,Bing_Shopping,254.17,264,11657,5
2024-08-15,Bing_Search_Brand,118.15,132,5333,2
2024-08-15,Bing_Shopping,173.16,194,7816,4
2024-08-16,Bing_Search_Brand,153.6,156,7243,2
2024-08-16,Bing_Shopping,221.63,225,10452,4
2024-08-17,Bing_Search_Brand,116.37,130,4292,2
2024-08-17,Bing_Shopping,188.17,211,6941,4
2024-08-18,Bing_Search_Brand,124.26,137,6162,1
2024-08-18,Bing_Shopping,149.38,165,7407,2
2024-08-19,Bing_Search_Brand,125.0,138,5929,2
2024-08-19,Bing_Shopping,173.78,193,8243,3
2024-08-20,Bing_Search_Brand,151.06,160,7022,2
2024-08-20,Bing_Shopping,222.65,236,10350,4
2024-08-21,Bing_Search_Brand,123.65,132,5246,2
2024-08-21,Bing_Shopping,177.2,189,7518,3
2024-08-22,Bing_Search_Brand,156.78,164,5667,3
2024-08-22,Bing_Shopping,204.11,214,7378,3
2024-08-23,Bing_Search_Brand,128.32,141,4665,2
2024-08-23,Bing_Shopping,202.15,223,7350,4
2024-08-24,Bing_Search_Brand,111.07,110,4660,1
2024-08-24,Bing_Shopping,175.6,175,7368,2
2024-08-25,Bing_Search_Brand,153.3,154,5912,3
2024-08-25,Bing_Shopping,226.95,228,8752,4
2024-08-26,Bing_Search_Brand,146.42,155,6157,3
2024-08-26,Bing_Shopping,209.11,222,8794,4
2024-08-27,Bing_Search_Brand,206.35,222,10090,4
2024-08-27,Bing_Shopping,258.66,278,12648,5
2024-08-28,Bing_Search_Brand,170.85,185,5743,3
2024-08-28,Bing_Shopping,228.6,247,7684,4
2024-08-29,Bing_Search_Brand,127.64,136,4684,2
2024-08-29,Bing_Shopping,202.56,216,7433,4
2024-08-30,Bing_Search_Brand,124.04,140,5501,2
2024-08-30,Bing_Shopping,169.13,191,7500,3
2024-08-31,Bing_Search_Brand,126.84,140,4716,2
2024-08-31,Bing_Shopping,156.76,173,5829,2
2024-09-01,Bing_Search_Brand,138.93,139,4870,2
2024-09-01,Bing_Shopping,193.86,194,6796,3
2024-09-02,Bing_Search_Brand,99.2,102,4056,1
2024-09-02,Bing_Shopping,150.46,155,6153,2
2024-09-03,Bing_Search_Brand,98.54,95,3663,1
2024-09-03,Bing_Shopping,167.51,161,6227,3
2024-09-04,Bing_Search_Brand,173.57,185,6281,3
2024-09-04,Bing_Shopping,241.21,257,8729,4
2024-09-05,Bing_Search_Brand,165.05,176,7980,3
2024-09-05,Bing_Shopping,270.25,289,13067,5
2024-09-06,Bing_Search_Brand,139.03,149,4970,3
2024-09-06,Bing_Shopping,227.11,243,8119,5
2024-09-07,Bing_Search_Brand,136.29,145,5997,3
2024-09-07,Bing_Shopping,177.45,189,7808,4
2024-09-08,Bing_Search_Brand,135.74,147,4993,3
2024-09-08,Bing_Shopping,197.44,214,7262,4
2024-09-09,Bing_Search_Brand,176.4,182,7316,3
2024-09-09,Bing_Shopping,227.62,235,9440,4
2024-09-10,Bing_Search_Brand,193.03,202,7793,3
2024-09-10,Bing_Shopping,243.92,256,9847,4
2024-09-11,Bing_Search_Brand,120.66,130,5240,2
2024-09-11,Bing_Shopping,191.95,207,8335,3
2024-09-12,Bing_Search_Brand,104.28,102,4388,2
2024-09-12,Bing_Shopping,164.87,162,6938,3
2024-09-13,Bing_Search_Brand,126.56,121,5002,2
2024-09-13,Bing_Shopping,185.74,177,7341,3
2024-09-14,Bing_Search_Brand,127.34,126,4324,2
2024-09-14,Bing_Shopping,168.85,167,5733,3
2024-09-15,Bing_Search_Brand,113.12,115,6385,1
2024-09-15,Bing_Shopping,179.97,183,10158,3
2024-09-16,Bing_Search_Brand,95.74,96,4547,1
2024-09-16,Bing_Shopping,133.01,134,6317,2
2024-09-17,Bing_Search_Brand,227.76,218,9563,4
2024-09-17,Bing_Shopping,294.19,281,12353,5
2024-09-18,Bing_Search_Brand,169.02,170,7840,3
2024-09-18,Bing_Shopping,235.03,237,10902,4
2024-09-19,Bing_Search_Brand,160.77,174,5912,3
2024-09-19,Bing_Shopping,230.32,250,8469,4
2024-09-20,Bing_Search_Brand,164.41,169,5881,2
2024-09-20,Bing_Shopping,229.78,236,8220,4
2024-09-21,Bing_Search_Brand,63.16,63,2390,1
2024-09-21,Bing_Shopping,83.95,85,3176,1
2024-09-22,Bing_Search_Brand,117.1,130,5633,2
2024-09-22,Bing_Shopping,165.51,183,7962,3
2024-09-23,Bing_Search_Brand,133.95,143,4933,3
2024-09-23,Bing_Shopping,183.59,196,6761,4
2024-09-24,Bing_Search_Brand,153.49,152,7534,2
2024-09-24,Bing_Shopping,216.52,215,10628,3
2024-09-25,Bing_Search_Brand,158.7,184,5875,3
2024-09-25,Bing_Shopping,209.59,243,7760,4
2024-09-26,Bing_Search_Brand,199.36,224,9777,3
2024-09-26,Bing_Shopping,257.71,290,12638,4
2024-09-27,Bing_Search_Brand,147.89,156,6475,3
2024-09-27,Bing_Shopping,218.53,231,9569,4
2024-09-28,Bing_Search_Brand,139.4,144,6072,2
2024-09-28,Bing_Shopping,202.76,209,8832,4
2024-09-29,Bing_Search_Brand,120.04,135,6242,2
2024-09-29,Bing_Shopping,193.91,219,10084,3
2024-09-30,Bing_Search_Brand,89.98,95,3096,1
2024-09-30,Bing_Shopping,151.85,160,5224,2
2024-10-01,Bing_Search_Brand,86.16,85,3111,1
2024-10-01,Bing_Shopping,133.85,132,4833,2
2024-10-02,Bing_Search_Brand,101.87,106,3719,1
2024-10-02,Bing_Shopping,147.85,154,5397,2
2024-10-03,Bing_Search_Brand,145.37,145,6819,2
2024-10-03,Bing_Shopping,225.52,225,10578,4
2024-10-04,Bing_Search_Brand,145.54,158,6187,2
2024-10-04,Bing_Shopping,196.57,213,8357,3
2024-10-05,Bing_Search_Brand,102.69,112,4246,1
2024-10-05,Bing_Shopping,162.61,178,6724,2
2024-10-06,Bing_Search_Brand,110.05,110,4285,1
2024-10-06,Bing_Shopping,166.75,167,6494,2
2024-10-07,Bing_Search_Brand,216.22,223,10370,4
2024-10-07,Bing_Shopping,279.79,288,13419,5
2024-10-08,Bing_Search_Brand,128.88,144,5118,3
2024-10-08,Bing_Shopping,204.09,228,8105,5
2024-10-09,Bing_Search_Brand,185.14,203,8018,3
2024-10-09,Bing_Shopping,251.22,275,10880,4
2024-10-10,Bing_Search_Brand,150.73,146,6606,3
2024-10-10,Bing_Shopping,227.7,220,9979,4
2024-10-11,Bing_Search_Brand,126.04,139,7173,2
2024-10-11,Bing_Shopping,186.93,206,10639,4
2024-10-12,Bing_Search_Brand,149.2,149,5570,2
2024-10-12,Bing_Shopping,228.07,228,8515,3
2024-10-13,Bing_Search_Brand,163.54,176,5452,3
2024-10-13,Bing_Shopping,238.51,257,7952,4
2024-10-14,Bing_Search_Brand,137.83,144,6592,2
2024-10-14,Bing_Shopping,181.98,191,8704,3
2024-10-15,Bing_Search_Brand,177.35,183,7190,2
2024-10-15,Bing_Shopping,268.19,277,10873,3
2024-10-16,Bing_Search_Brand,192.2,227,8017,4
2024-10-16,Bing_Shopping,230.73,272,9624,5
2024-10-17,Bing_Search_Brand,145.7,165,7824,3
2024-10-17,Bing_Shopping,213.23,242,11451,5
2024-10-18,Bing_Search_Brand,148.18,155,6582,3
2024-10-18,Bing_Shopping,206.79,216,9185,4
2024-10-19,Bing_Search_Brand,102.9,112,5022,2
2024-10-19,Bing_Shopping,142.42,155,6951,2
2024-10-20,Bing_Search_Brand,108.0,107,3862,1
2024-10-20,Bing_Shopping,161.73,161,5785,2
2024-10-21,Bing_Search_Brand,131.66,151,5213,2
2024-10-21,Bing_Shopping,185.51,212,7346,3
2024-10-22,Bing_Search_Brand,177.67,181,7127,3
2024-10-22,Bing_Shopping,253.58,259,10173,4
2024-10-23,Bing_Search_Brand,141.64,160,7143,2
2024-10-23,Bing_Shopping,226.07,256,11402,4
2024-10-24,Bing_Search_Brand,115.61,123,5230,2
2024-10-24,Bing_Shopping,166.56,178,7535,3
2024-10-25,Bing_Search_Brand,105.0,116,5060,2
2024-10-25,Bing_Shopping,174.13,193,8392,3
2024-10-26,Bing_Search_Brand,44.83,42,1934,0
2024-10-26,Bing_Shopping,67.39,64,2908,0
2024-10-27,Bing_Search_Brand,120.01,135,5489,2
2024-10-27,Bing_Shopping,174.33,196,7974,3
2024-10-28,Bing_Search_Brand,158.31,167,6268,3
2024-10-28,Bing_Shopping,190.8,201,7555,3
2024-10-29,Bing_Search_Brand,146.04,168,6379,3
2024-10-29,Bing_Shopping,210.06,242,9176,5
2024-10-30,Bing_Search_Brand,204.85,198,7952,3
2024-10-30,Bing_Shopping,303.74,294,11792,5
2024-10-31,Bing_Search_Brand,159.65,164,6536,3
2024-10-31,Bing_Shopping,241.04,248,9869,4
2024-11-01,Bing_Search_Brand,181.91,190,7677,3
2024-11-01,Bing_Shopping,290.03,303,12240,5
2024-11-02,Bing_Search_Brand,103.62,101,4792,1
2024-11-02,Bing_Shopping,159.29,155,7367,2
2024-11-03,Bing_Search_Brand,162.44,169,6656,3
2024-11-03,Bing_Shopping,239.57,250,9817,5
2024-11-04,Bing_Search_Brand,184.21,191,8239,3
2024-11-04,Bing_Shopping,271.98,282,12166,4
2024-11-05,Bing_Search_Brand,199.25,208,9931,3
2024-11-05,Bing_Shopping,252.79,264,12600,4
2024-11-06,Bing_Search_Brand,202.93,207,7936,3
2024-11-06,Bing_Shopping,274.73,280,10744,5
2024-11-07,Bing_Search_Brand,129.63,139,6037,2
2024-11-07,Bing_Shopping,207.78,224,9676,3
2024-11-08,Bing_Search_Brand,122.84,130,5078,2
2024-11-08,Bing_Shopping,190.68,202,7882,3
2024-11-09,Bing_Search_Brand,187.47,188,6859,3
2024-11-09,Bing_Shopping,269.43,271,9858,4
2024-11-10,Bing_Search_Brand,166.37,172,7787,2
2024-11-10,Bing_Shopping,241.26,250,11292,3
2024-11-11,Bing_Search_Brand,159.75,168,6682,3
2024-11-11,Bing_Shopping,251.12,265,10504,5
2024-11-12,Bing_Search_Brand,221.38,251,12837,4
2024-11-12,Bing_Shopping,302.29,343,17530,6
2024-11-13,Bing_Search_Brand,302.03,294,9952,6
2024-11-13,Bing_Shopping,383.7,374,12644,8
2024-11-14,Bing_Search_Brand,220.87,240,11494,4
2024-11-14,Bing_Shopping,318.77,347,16588,6
2024-11-15,Bing_Search_Brand,189.42,189,8067,3
2024-11-15,Bing_Shopping,278.5,278,11861,5
2024-11-16,Bing_Search_Brand,154.94,161,5563,3
2024-11-16,Bing_Shopping,204.22,212,7333,4
2024-11-17,Bing_Search_Brand,142.33,160,6603,3
2024-11-17,Bing_Shopping,238.86,269,11082,5
2024-11-18,Bing_Search_Brand,234.86,231,10820,4
2024-11-18,Bing_Shopping,328.49,323,15134,6
2024-11-19,Bing_Search_Brand,339.77,352,12996,5
2024-11-19,Bing_Shopping,421.27,437,16113,7
2024-11-20,Bing_Search_Brand,333.37,327,12109,7
2024-11-20,Bing_Shopping,493.1,484,17911,10
2024-11-21,Bing_Search_Brand,315.17,334,14493,6
2024-11-21,Bing_Shopping,403.03,428,18533,8
2024-11-22,Bing_Search_Brand,212.1,214,9175,3
2024-11-22,Bing_Shopping,331.91,336,14358,5
2024-11-23,Bing_Search_Brand,237.0,274,11597,5
2024-11-23,Bing_Shopping,362.25,420,17726,8
2024-11-24,Bing_Search_Brand,260.48,281,11541,4
2024-11-24,Bing_Shopping,369.13,398,16355,6
2024-11-25,Bing_Search_Brand,144.77,163,8437,2
2024-11-25,Bing_Shopping,190.48,214,11102,3
2024-11-26,Bing_Search_Brand,239.29,256,10496,5
2024-11-26,Bing_Shopping,289.49,310,12697,6
2024-11-27,Bing_Search_Brand,272.46,279,9218,5
2024-11-27,Bing_Shopping,395.62,406,13385,7
2024-11-28,Bing_Search_Brand,164.59,178,8010,3
2024-11-28,Bing_Shopping,226.92,246,11044,4
2024-11-29,Bing_Search_Brand,182.92,183,7913,3
2024-11-29,Bing_Shopping,250.57,252,10839,4
2024-11-30,Bing_Search_Brand,197.31,217,10124,3
2024-11-30,Bing_Shopping,278.86,306,14309,4
2024-12-01,Bing_Search_Brand,173.24,173,6482,3
2024-12-01,Bing_Shopping,268.92,270,10063,5
2024-12-02,Bing_Search_Brand,220.48,216,7575,4
2024-12-02,Bing_Shopping,292.92,287,10064,5
2024-12-03,Bing_Search_Brand,242.95,242,8505,4
2024-12-03,Bing_Shopping,327.7,327,11472,6
2024-12-04,Bing_Search_Brand,275.35,294,13868,5
2024-12-04,Bing_Shopping,372.64,398,18768,7
2024-12-05,Bing_Search_Brand,221.4,262,9899,4
2024-12-05,Bing_Shopping,298.31,353,13338,6
2024-12-06,Bing_Search_Brand,153.34,156,5332,3
2024-12-06,Bing_Shopping,240.37,244,8359,5
2024-12-07,Bing_Search_Brand,109.47,115,4365,2
2024-12-07,Bing_Shopping,181.96,192,7256,3
2024-12-08,Bing_Search_Brand,197.15,218,8266,3
2024-12-08,Bing_Shopping,295.14,327,12375,5
2024-12-09,Bing_Search_Brand,165.86,179,7616,3
2024-12-09,Bing_Shopping,224.87,243,10326,5
2024-12-10,Bing_Search_Brand,145.45,142,5545,2
2024-12-10,Bing_Shopping,245.35,240,9354,4
2024-12-11,Bing_Search_Brand,211.24,236,8231,4
2024-12-11,Bing_Shopping,336.64,376,13119,7
2024-12-12,Bing_Search_Brand,183.13,187,7227,4
2024-12-12,Bing_Shopping,229.84,235,9070,5
2024-12-13,Bing_Search_Brand,145.79,151,7136,2
2024-12-13,Bing_Shopping,213.93,222,10472,4
2024-12-14,Bing_Search_Brand,143.96,154,6521,3
2024-12-14,Bing_Shopping,237.52,254,10758,5
2024-12-15,Bing_Search_Brand,146.27,148,5199,3
2024-12-15,Bing_Shopping,199.4,202,7087,4
2024-12-16,Bing_Search_Brand,240.89,233,8980,4
2024-12-16,Bing_Shopping,341.65,330,12736,6
2024-12-17,Bing_Search_Brand,195.44,208,8234,3
2024-12-17,Bing_Shopping,283.59,302,11948,5
2024-12-18,Bing_Search_Brand,192.47,205,8788,3
2024-12-18,Bing_Shopping,309.64,329,14138,5
2024-12-19,Bing_Search_Brand,103.5,105,3685,2
2024-12-19,Bing_Shopping,145.68,148,5187,2
2024-12-20,Bing_Search_Brand,135.35,135,4519,2
2024-12-20,Bing_Shopping,188.88,189,6306,3
2024-12-21,Bing_Search_Brand,105.28,111,3873,2
2024-12-21,Bing_Shopping,158.86,168,5844,3
2024-12-22,Bing_Search_Brand,111.3,118,4056,2
2024-12-22,Bing_Shopping,145.85,155,5315,2
2024-12-23,Bing_Search_Brand,179.32,213,8920,3
2024-12-23,Bing_Shopping,233.63,278,11622,4
2024-12-24,Bing_Search_Brand,179.61,197,8387,4
2024-12-24,Bing_Shopping,277.36,304,12952,6
2024-12-25,Bing_Search_Brand,156.15,174,7120,3
2024-12-25,Bing_Shopping,240.53,269,10968,5
2024-12-26,Bing_Search_Brand,157.67,160,6371,2
2024-12-26,Bing_Shopping,205.2,208,8291,3
2024-12-27,Bing_Search_Brand,116.83,124,4249,2
2024-12-27,Bing_Shopping,168.66,179,6135,3
2024-12-28,Bing_Search_Brand,157.87,168,5911,3
2024-12-28,Bing_Shopping,219.5,234,8218,4
2024-12-29,Bing_Search_Brand,181.43,190,7166,3
2024-12-29,Bing_Shopping,224.65,236,8873,3
2024-12-30,Bing_Search_Brand,134.73,148,7166,2
2024-12-30,Bing_Shopping,183.83,202,9778,3
2024-12-31,Bing_Search_Brand,171.63,166,8373,3
2024-12-31,Bing_Shopping,254.06,247,12395,4
2025-01-01,Bing_Search_Brand,185.96,183,7117,3
2025-01-01,Bing_Shopping,267.92,263,10254,5
2025-01-02,Bing_Search_Brand,164.7,159,5776,3
2025-01-02,Bing_Shopping,242.64,235,8509,4
2025-01-03,Bing_Search_Brand,98.62,99,4033,1
2025-01-03,Bing_Shopping,143.4,145,5865,2
2025-01-04,Bing_Search_Brand,104.29,109,3568,2
2025-01-04,Bing_Shopping,160.82,169,5502,3
2025-01-05,Bing_Search_Brand,125.61,121,5593,1
2025-01-05,Bing_Shopping,206.27,199,9184,3
2025-01-06,Bing_Search_Brand,171.55,187,8753,3
2025-01-06,Bing_Shopping,270.1,294,13782,5
2025-01-07,Bing_Search_Brand,120.94,133,5786,2
2025-01-07,Bing_Shopping,193.72,213,9268,4
2025-01-08,Bing_Search_Brand,100.2,108,4754,2
2025-01-08,Bing_Shopping,132.02,143,6264,2
2025-01-09,Bing_Search_Brand,135.74,138,5219,2
2025-01-09,Bing_Shopping,200.38,204,7704,4
2025-01-10,Bing_Search_Brand,160.08,175,7395,3
2025-01-10,Bing_Shopping,239.46,262,11062,5
2025-01-11,Bing_Search_Brand,84.01,88,4367,1
2025-01-11,Bing_Shopping,126.78,134,6590,2
2025-01-12,Bing_Search_Brand,103.15,118,4274,2
2025-01-12,Bing_Shopping,140.24,160,5811,2
2025-01-13,Bing_Search_Brand,151.92,155,7895,3
2025-01-13,Bing_Shopping,217.39,222,11298,4
2025-01-14,Bing_Search_Brand,169.85,194,8907,3
2025-01-14,Bing_Shopping,237.21,271,12440,5
2025-01-15,Bing_Search_Brand,204.4,225,11220,3
2025-01-15,Bing_Shopping,287.46,317,15779,4
2025-01-16,Bing_Search_Brand,116.37,114,4479,2
2025-01-16,Bing_Shopping,178.72,176,6879,3
2025-01-17,Bing_Search_Brand,137.67,136,5328,2
2025-01-17,Bing_Shopping,177.52,175,6871,2
2025-01-18,Bing_Search_Brand,169.36,174,5680,3
2025-01-18,Bing_Shopping,241.14,248,8088,5
2025-01-19,Bing_Search_Brand,88.16,91,3291,1
2025-01-19,Bing_Shopping,138.37,143,5166,2
2025-01-20,Bing_Search_Brand,179.18,193,6605,3
2025-01-20,Bing_Shopping,259.42,280,9563,5
2025-01-21,Bing_Search_Brand,122.06,133,5176,2
2025-01-21,Bing_Shopping,186.21,204,7896,3
2025-01-22,Bing_Search_Brand,189.93,203,9230,4
2025-01-22,Bing_Shopping,283.09,303,13758,6
2025-01-23,Bing_Search_Brand,156.72,178,7046,3
2025-01-23,Bing_Shopping,217.5,248,9779,5
2025-01-24,Bing_Search_Brand,97.97,101,3795,1
2025-01-24,Bing_Shopping,142.12,147,5506,2
2025-01-25,Bing_Search_Brand,120.95,126,4676,1
2025-01-25,Bing_Shopping,156.66,164,6057,2
2025-01-26,Bing_Search_Brand,136.06,150,6375,2
2025-01-26,Bing_Shopping,212.4,234,9952,4
2025-01-27,Bing_Search_Brand,132.53,128,4862,2
2025-01-27,Bing_Shopping,228.61,222,8388,3
2025-01-28,Bing_Search_Brand,184.92,188,8485,4
2025-01-28,Bing_Shopping,290.28,295,13320,6
2025-01-29,Bing_Search_Brand,239.32,243,11111,4
2025-01-29,Bing_Shopping,291.82,296,13549,4
2025-01-30,Bing_Search_Brand,129.4,139,6444,2
2025-01-30,Bing_Shopping,166.21,179,8277,2
2025-01-31,Bing_Search_Brand,110.76,116,4634,1
2025-01-31,Bing_Shopping,142.28,149,5954,2
2025-02-01,Bing_Search_Brand,91.28,92,4329,2
2025-02-01,Bing_Shopping,141.66,144,6718,3
2025-02-02,Bing_Search_Brand,94.89,98,4161,1
2025-02-02,Bing_Shopping,166.21,172,7290,3
2025-02-03,Bing_Search_Brand,194.12,188,6793,3
2025-02-03,Bing_Shopping,267.75,259,9370,4
2025-02-04,Bing_Search_Brand,165.54,175,8022,2
2025-02-04,Bing_Shopping,286.01,303,13860,5
2025-02-05,Bing_Search_Brand,164.52,177,7560,2
2025-02-05,Bing_Shopping,217.67,234,10002,3
2025-02-06,Bing_Search_Brand,167.15,170,6751,3
2025-02-06,Bing_Shopping,216.65,220,8751,4
2025-02-07,Bing_Search_Brand,170.79,192,7470,3
2025-02-07,Bing_Shopping,233.88,263,10230,4
2025-02-08,Bing_Search_Brand,164.32,164,7002,3
2025-02-08,Bing_Shopping,260.89,261,11117,4
2025-02-09,Bing_Search_Brand,148.2,167,6112,3
2025-02-09,Bing_Shopping,211.19,238,8710,5
2025-02-10,Bing_Search_Brand,64.42,65,2449,1
2025-02-10,Bing_Shopping,101.08,102,3843,1
2025-02-11,Bing_Search_Brand,185.43,201,7098,3
2025-02-11,Bing_Shopping,231.9,252,8877,4
2025-02-12,Bing_Search_Brand,204.63,209,8477,4
2025-02-12,Bing_Shopping,272.43,279,11286,5
2025-02-13,Bing_Search_Brand,165.85,166,7101,2
2025-02-13,Bing_Shopping,248.2,249,10627,4
2025-02-14,Bing_Search_Brand,148.58,155,6755,3
2025-02-14,Bing_Shopping,237.82,248,10813,5
2025-02-15,Bing_Search_Brand,120.18,134,5199,2
2025-02-15,Bing_Shopping,204.56,229,8849,4
2025-02-16,Bing_Search_Brand,89.81,98,4145,1
2025-02-16,Bing_Shopping,134.77,148,6220,2
2025-02-17,Bing_Search_Brand,128.42,140,6016,2
2025-02-17,Bing_Shopping,164.86,179,7723,2
2025-02-18,Bing_Search_Brand,164.99,192,8143,3
2025-02-18,Bing_Shopping,230.01,268,11352,4
2025-02-19,Bing_Search_Brand,208.8,207,9031,3
2025-02-19,Bing_Shopping,303.86,301,13143,5
2025-02-20,Bing_Search_Brand,132.39,138,5411,2
2025-02-20,Bing_Shopping,185.83,194,7595,3
2025-02-21,Bing_Search_Brand,145.44,162,7840,3
2025-02-21,Bing_Shopping,229.45,256,12370,5
2025-02-22,Bing_Search_Brand,123.13,120,4644,1
2025-02-22,Bing_Shopping,185.53,181,6997,2
2025-02-23,Bing_Search_Brand,172.92,188,6989,4
2025-02-23,Bing_Shopping,263.85,288,10665,6
2025-02-24,Bing_Search_Brand,155.36,160,6921,3
2025-02-24,Bing_Shopping,228.77,237,10191,4
2025-02-25,Bing_Search_Brand,100.37,110,3580,1
2025-02-25,Bing_Shopping,167.77,184,5984,3
2025-02-26,Bing_Search_Brand,172.92,203,8115,3
2025-02-26,Bing_Shopping,291.93,343,13701,5
2025-02-27,Bing_Search_Brand,236.64,268,13194,5
2025-02-27,Bing_Shopping,302.52,342,16867,6
2025-02-28,Bing_Search_Brand,174.93,188,7793,3
2025-02-28,Bing_Shopping,236.5,254,10536,4
2025-03-01,Bing_Search_Brand,103.56,103,4117,1
2025-03-01,Bing_Shopping,162.67,162,6466,3
2025-03-02,Bing_Search_Brand,103.77,107,4068,1
2025-03-02,Bing_Shopping,144.35,149,5658,2
2025-03-03,Bing_Search_Brand,134.59,140,5787,2
2025-03-03,Bing_Shopping,186.62,194,8025,3
2025-03-04,Bing_Search_Brand,229.02,269,12256,5
2025-03-04,Bing_Shopping,347.55,408,18600,7
2025-03-05,Bing_Search_Brand,175.8,173,7985,3
2025-03-05,Bing_Shopping,225.47,222,10242,4
2025-03-06,Bing_Search_Brand,145.41,151,6558,2
2025-03-06,Bing_Shopping,204.68,212,9232,3
2025-03-07,Bing_Search_Brand,130.5,137,5914,2
2025-03-07,Bing_Shopping,180.47,190,8179,3
2025-03-08,Bing_Search_Brand,133.76,132,6136,2
2025-03-08,Bing_Shopping,167.63,166,7689,2
2025-03-09,Bing_Search_Brand,163.97,161,7086,2
2025-03-09,Bing_Shopping,258.3,254,11163,4
2025-03-10,Bing_Search_Brand,109.38,108,4012,1
2025-03-10,Bing_Shopping,167.67,165,6150,2
2025-03-11,Bing_Search_Brand,189.64,201,6741,3
2025-03-11,Bing_Shopping,318.32,338,11315,6
2025-03-12,Bing_Search_Brand,194.51,215,7913,3
2025-03-12,Bing_Shopping,235.41,261,9577,4
2025-03-13,Bing_Search_Brand,192.94,192,6667,2
2025-03-13,Bing_Shopping,306.97,306,10607,4
2025-03-14,Bing_Search_Brand,178.22,201,7231,3
2025-03-14,Bing_Shopping,281.8,319,11434,5
2025-03-15,Bing_Search_Brand,116.04,110,4024,2
2025-03-15,Bing_Shopping,201.27,191,6981,4
2025-03-16,Bing_Search_Brand,115.44,121,5055,2
2025-03-16,Bing_Shopping,190.61,200,8347,3
2025-03-17,Bing_Search_Brand,160.74,178,7038,3
2025-03-17,Bing_Shopping,235.78,262,10324,5
2025-03-18,Bing_Search_Brand,179.16,201,8477,3
2025-03-18,Bing_Shopping,250.25,281,11841,4
2025-03-19,Bing_Search_Brand,109.98,123,5083,2
2025-03-19,Bing_Shopping,167.67,188,7749,3
2025-03-20,Bing_Search_Brand,197.28,205,8168,3
2025-03-20,Bing_Shopping,327.32,341,13552,6
2025-03-21,Bing_Search_Brand,140.51,147,5439,2
2025-03-21,Bing_Shopping,208.51,219,8072,4
2025-03-22,Bing_Search_Brand,101.41,113,4335,2
2025-03-22,Bing_Shopping,136.39,153,5831,2
2025-03-23,Bing_Search_Brand,78.69,84,3428,1
2025-03-23,Bing_Shopping,107.34,114,4677,1
2025-03-24,Bing_Search_Brand,78.44,88,3525,1
2025-03-24,Bing_Shopping,121.42,137,5457,2
2025-03-25,Bing_Search_Brand,180.08,183,6981,2
2025-03-25,Bing_Shopping,277.69,283,10765,4
2025-03-26,Bing_Search_Brand,151.53,159,5914,3
2025-03-26,Bing_Shopping,218.71,230,8536,4
2025-03-27,Bing_Search_Brand,153.49,164,8057,2
2025-03-27,Bing_Shopping,193.44,207,10154,3
2025-03-28,Bing_Search_Brand,169.72,191,8800,3
2025-03-28,Bing_Shopping,231.52,261,12004,4
2025-03-29,Bing_Search_Brand,119.72,127,4515,2
2025-03-29,Bing_Shopping,156.77,167,5913,2
2025-03-30,Bing_Search_Brand,145.34,156,6287,2
2025-03-30,Bing_Shopping,225.03,241,9734,4
2025-03-31,Bing_Search_Brand,148.38,153,6465,3
2025-03-31,Bing_Shopping,215.11,222,9373,4
2025-04-01,Bing_Search_Brand,145.78,152,6279,3
2025-04-01,Bing_Shopping,219.87,229,9470,4
2025-04-02,Bing_Search_Brand,115.61,116,4815,1
2025-04-02,Bing_Shopping,182.88,184,7617,2
2025-04-03,Bing_Search_Brand,145.89,157,5896,3
2025-04-03,Bing_Shopping,205.41,221,8303,4
2025-04-04,Bing_Search_Brand,144.39,168,7757,3
2025-04-04,Bing_Shopping,210.9,245,11331,4
2025-04-05,Bing_Search_Brand,106.44,106,4243,1
2025-04-05,Bing_Shopping,160.11,160,6383,2
2025-04-06,Bing_Search_Brand,183.71,203,7889,4
2025-04-06,Bing_Shopping,233.09,257,10009,5
2025-04-07,Bing_Search_Brand,229.5,256,9786,4
2025-04-07,Bing_Shopping,304.77,340,12996,6
2025-04-08,Bing_Search_Brand,178.92,188,7343,3
2025-04-08,Bing_Shopping,260.75,274,10702,5
2025-04-09,Bing_Search_Brand,204.39,211,7976,3
2025-04-09,Bing_Shopping,341.42,353,13324,6
2025-04-10,Bing_Search_Brand,170.74,184,7925,3
2025-04-10,Bing_Shopping,249.0,269,11558,4
2025-04-11,Bing_Search_Brand,113.41,122,5530,2
2025-04-11,Bing_Shopping,196.68,212,9590,4
2025-04-12,Bing_Search_Brand,135.26,145,4488,3
2025-04-12,Bing_Shopping,181.89,195,6035,4
2025-04-13,Bing_Search_Brand,170.41,166,6927,2
2025-04-13,Bing_Shopping,267.2,261,10861,4
2025-04-14,Bing_Search_Brand,144.61,152,6225,2
2025-04-14,Bing_Shopping,179.49,188,7727,2
2025-04-15,Bing_Search_Brand,124.07,137,5080,2
2025-04-15,Bing_Shopping,180.51,199,7391,3
2025-04-16,Bing_Search_Brand,130.85,145,4867,2
2025-04-16,Bing_Shopping,185.76,205,6910,3
2025-04-17,Bing_Search_Brand,141.31,150,6435,2
2025-04-17,Bing_Shopping,209.99,223,9563,3
2025-04-18,Bing_Search_Brand,100.94,104,4765,1
2025-04-18,Bing_Shopping,168.11,174,7936,3
2025-04-19,Bing_Search_Brand,180.84,185,8723,3
2025-04-19,Bing_Shopping,234.38,240,11306,4
2025-04-20,Bing_Search_Brand,124.91,130,4379,2
2025-04-20,Bing_Shopping,203.1,212,7121,4
2025-04-21,Bing_Search_Brand,166.42,183,8365,3
2025-04-21,Bing_Shopping,240.1,264,12068,4
2025-04-22,Bing_Search_Brand,155.2,167,6702,3
2025-04-22,Bing_Shopping,234.19,251,10112,5
2025-04-23,Bing_Search_Brand,133.11,134,6106,2
2025-04-23,Bing_Shopping,183.21,185,8405,3
2025-04-24,Bing_Search_Brand,108.05,120,5851,1
2025-04-24,Bing_Shopping,161.86,181,8765,2
2025-04-25,Bing_Search_Brand,123.76,133,5533,2
2025-04-25,Bing_Shopping,180.92,195,8089,3
2025-04-26,Bing_Search_Brand,139.28,141,6391,2
2025-04-26,Bing_Shopping,188.04,191,8629,3
2025-04-27,Bing_Search_Brand,149.18,150,6546,2
2025-04-27,Bing_Shopping,227.0,228,9961,3
2025-04-28,Bing_Search_Brand,153.01,162,5235,2
2025-04-28,Bing_Shopping,254.36,269,8703,4
2025-04-29,Bing_Search_Brand,111.17,119,4543,2
2025-04-29,Bing_Shopping,160.52,172,6561,3
2025-04-30,Bing_Search_Brand,187.4,211,7622,4
2025-04-30,Bing_Shopping,245.68,277,9992,5
2025-05-01,Bing_Search_Brand,129.03,132,4805,2
2025-05-01,Bing_Shopping,177.64,181,6615,3
2025-05-02,Bing_Search_Brand,137.13,134,5452,2
2025-05-02,Bing_Shopping,229.9,225,9140,4
2025-05-03,Bing_Search_Brand,131.39,121,5132,2
2025-05-03,Bing_Shopping,204.52,189,7989,3
2025-05-04,Bing_Search_Brand,93.74,96,3751,1
2025-05-04,Bing_Shopping,158.66,163,6350,3
2025-05-05,Bing_Search_Brand,203.85,214,8425,4
2025-05-05,Bing_Shopping,262.24,276,10839,5
2025-05-06,Bing_Search_Brand,275.22,304,13053,5
2025-05-06,Bing_Shopping,381.98,422,18117,8
2025-05-07,Bing_Search_Brand,216.14,252,9942,4
2025-05-07,Bing_Shopping,286.31,334,13170,6
2025-05-08,Bing_Search_Brand,162.88,169,7408,2
2025-05-08,Bing_Shopping,238.96,248,10868,4
2025-05-09,Bing_Search_Brand,145.67,136,5556,2
2025-05-09,Bing_Shopping,183.42,171,6996,3
2025-05-10,Bing_Search_Brand,139.32,137,5727,2
2025-05-10,Bing_Shopping,194.82,192,8008,3
2025-05-11,Bing_Search_Brand,118.38,117,5541,2
2025-05-11,Bing_Shopping,169.28,167,7924,3
2025-05-12,Bing_Search_Brand,145.22,150,8391,2
2025-05-12,Bing_Shopping,242.66,251,14020,4
2025-05-13,Bing_Search_Brand,117.96,121,5492,1
2025-05-13,Bing_Shopping,191.93,198,8937,2
2025-05-14,Bing_Search_Brand,110.53,133,4378,2
2025-05-14,Bing_Shopping,156.25,188,6189,3
2025-05-15,Bing_Search_Brand,159.14,160,6675,2
2025-05-15,Bing_Shopping,237.95,240,9980,3
2025-05-16,Bing_Search_Brand,133.95,145,5315,3
2025-05-16,Bing_Shopping,202.18,219,8023,4
2025-05-17,Bing_Search_Brand,127.4,139,7470,2
2025-05-17,Bing_Shopping,159.46,174,9350,2
2025-05-18,Bing_Search_Brand,107.95,115,5243,2
2025-05-18,Bing_Shopping,137.55,146,6680,2
2025-05-19,Bing_Search_Brand,153.07,164,7837,3
2025-05-19,Bing_Shopping,241.74,259,12378,4
2025-05-20,Bing_Search_Brand,148.15,161,6638,3
2025-05-20,Bing_Shopping,194.77,212,8727,4
2025-05-21,Bing_Search_Brand,166.11,174,5407,3
2025-05-21,Bing_Shopping,247.05,259,8042,4
2025-05-22,Bing_Search_Brand,211.33,228,8677,3
2025-05-22,Bing_Shopping,305.41,330,12540,5
2025-05-23,Bing_Search_Brand,174.07,182,6054,3
2025-05-23,Bing_Shopping,227.12,237,7899,5
2025-05-24,Bing_Search_Brand,105.45,120,4960,2
2025-05-24,Bing_Shopping,145.86,166,6860,3
2025-05-25,Bing_Search_Brand,94.6,100,3453,1
2025-05-25,Bing_Shopping,135.43,143,4943,2
2025-05-26,Bing_Search_Brand,155.18,173,5545,3
2025-05-26,Bing_Shopping,215.39,240,7697,4
2025-05-27,Bing_Search_Brand,139.31,151,6142,2
2025-05-27,Bing_Shopping,170.15,185,7501,2
2025-05-28,Bing_Search_Brand,95.27,99,4245,1
2025-05-28,Bing_Shopping,162.63,169,7247,3
2025-05-29,Bing_Search_Brand,186.74,214,10182,3
2025-05-29,Bing_Shopping,253.24,290,13807,5
2025-05-30,Bing_Search_Brand,153.93,168,7018,3
2025-05-30,Bing_Shopping,204.7,224,9333,4
2025-05-31,Bing_Search_Brand,136.15,138,5496,2
2025-05-31,Bing_Shopping,218.48,222,8820,4
2025-06-01,Bing_Search_Brand,126.35,143,4610,2
2025-06-01,Bing_Shopping,221.94,251,8097,3
2025-06-02,Bing_Search_Brand,170.86,164,7770,3
2025-06-02,Bing_Shopping,202.65,194,9216,4
2025-06-03,Bing_Search_Brand,132.93,131,5217,2
2025-06-03,Bing_Shopping,222.73,220,8743,4
2025-06-04,Bing_Search_Brand,178.94,193,9876,2
2025-06-04,Bing_Shopping,277.95,300,15341,4
2025-06-05,Bing_Search_Brand,198.66,217,9186,4
2025-06-05,Bing_Shopping,292.6,320,13531,6
2025-06-06,Bing_Search_Brand,138.99,144,5574,3
2025-06-06,Bing_Shopping,199.67,207,8008,4
2025-06-07,Bing_Search_Brand,95.11,107,4069,1
2025-06-07,Bing_Shopping,160.75,182,6878,3
2025-06-08,Bing_Search_Brand,99.1,116,4342,2
2025-06-08,Bing_Shopping,156.89,184,6874,3
2025-06-09,Bing_Search_Brand,138.44,149,5688,2
2025-06-09,Bing_Shopping,188.93,203,7763,3
2025-06-10,Bing_Search_Brand,182.5,193,7219,3
2025-06-10,Bing_Shopping,279.41,295,11053,5
2025-06-11,Bing_Search_Brand,108.07,113,4497,1
2025-06-11,Bing_Shopping,140.08,146,5829,2
2025-06-12,Bing_Search_Brand,159.57,173,7926,3
2025-06-12,Bing_Shopping,241.06,261,11974,5
2025-06-13,Bing_Search_Brand,149.41,147,7561,2
2025-06-13,Bing_Shopping,219.94,216,11131,3
2025-06-14,Bing_Search_Brand,81.56,93,3988,1
2025-06-14,Bing_Shopping,131.12,149,6411,2
2025-06-15,Bing_Search_Brand,98.79,110,4485,2
2025-06-15,Bing_Shopping,153.35,171,6963,3
2025-06-16,Bing_Search_Brand,165.4,169,5901,3
2025-06-16,Bing_Shopping,227.17,233,8105,4
2025-06-17,Bing_Search_Brand,165.55,185,7510,3
2025-06-17,Bing_Shopping,225.31,252,10221,4
2025-06-18,Bing_Search_Brand,186.08,208,8558,3
2025-06-18,Bing_Shopping,295.12,331,13573,6
2025-06-19,Bing_Search_Brand,167.58,174,6690,3
2025-06-19,Bing_Shopping,232.87,243,9297,4
2025-06-20,Bing_Search_Brand,198.56,221,9136,4
2025-06-20,Bing_Shopping,252.11,280,11600,5
2025-06-21,Bing_Search_Brand,121.37,128,4686,2
2025-06-21,Bing_Shopping,171.94,182,6638,3
2025-06-22,Bing_Search_Brand,121.76,133,4300,2
2025-06-22,Bing_Shopping,160.07,174,5653,3
2025-06-23,Bing_Search_Brand,128.65,141,4484,3
2025-06-23,Bing_Shopping,182.46,200,6360,4
2025-06-24,Bing_Search_Brand,194.64,229,9093,4
2025-06-24,Bing_Shopping,302.01,356,14110,7
2025-06-25,Bing_Search_Brand,199.89,208,8025,4
2025-06-25,Bing_Shopping,242.55,253,9738,4
2025-06-26,Bing_Search_Brand,204.27,229,7730,4
2025-06-26,Bing_Shopping,286.71,322,10850,5
2025-06-27,Bing_Search_Brand,157.06,166,6791,3
2025-06-27,Bing_Shopping,245.73,260,10625,5
2025-06-28,Bing_Search_Brand,85.9,92,3435,1
2025-06-28,Bing_Shopping,116.59,126,4662,2
2025-06-29,Bing_Search_Brand,112.52,119,5528,2
2025-06-29,Bing_Shopping,156.5,166,7688,3
2025-06-30,Bing_Search_Brand,126.51,134,5568,2
2025-06-30,Bing_Shopping,185.49,196,8164,3
2025-07-01,Bing_Search_Brand,143.12,149,5235,2
2025-07-01,Bing_Shopping,212.87,221,7787,4
2025-07-02,Bing_Search_Brand,156.87,171,7512,2
2025-07-02,Bing_Shopping,247.65,270,11859,4
2025-07-03,Bing_Search_Brand,182.57,180,7316,3
2025-07-03,Bing_Shopping,304.18,300,12189,5
2025-07-04,Bing_Search_Brand,177.49,206,10187,3
2025-07-04,Bing_Shopping,264.04,307,15156,5
2025-07-05,Bing_Search_Brand,115.98,123,3975,2
2025-07-05,Bing_Shopping,167.62,178,5745,3
2025-07-06,Bing_Search_Brand,140.27,141,4903,2
2025-07-06,Bing_Shopping,197.73,199,6912,3
2025-07-07,Bing_Search_Brand,151.3,155,6063,2
2025-07-07,Bing_Shopping,185.64,190,7439,3
2025-07-08,Bing_Search_Brand,157.56,174,6585,3
2025-07-08,Bing_Shopping,236.9,262,9902,5
2025-07-09,Bing_Search_Brand,171.7,188,7200,3
2025-07-09,Bing_Shopping,264.14,290,11077,5
2025-07-10,Bing_Search_Brand,177.0,196,6747,3
2025-07-10,Bing_Shopping,286.77,318,10931,6
2025-07-11,Bing_Search_Brand,183.92,187,7998,3
2025-07-11,Bing_Shopping,233.88,238,10171,3
2025-07-12,Bing_Search_Brand,77.28,84,3102,1
2025-07-12,Bing_Shopping,96.21,105,3862,1
2025-07-13,Bing_Search_Brand,140.59,145,5169,2
2025-07-13,Bing_Shopping,204.02,211,7501,4
2025-07-14,Bing_Search_Brand,193.21,200,7001,3
2025-07-14,Bing_Shopping,300.05,311,10873,4
2025-07-15,Bing_Search_Brand,167.65,156,8599,3
2025-07-15,Bing_Shopping,241.91,226,12407,4
2025-07-16,Bing_Search_Brand,233.01,241,10397,5
2025-07-16,Bing_Shopping,294.34,304,13134,6
2025-07-17,Bing_Search_Brand,176.32,193,8822,3
2025-07-17,Bing_Shopping,217.61,238,10887,4
2025-07-18,Bing_Search_Brand,165.75,188,7419,4
2025-07-18,Bing_Shopping,203.71,232,9119,6
2025-07-19,Bing_Search_Brand,116.22,124,6548,2
2025-07-19,Bing_Shopping,144.23,154,8126,3
2025-07-20,Bing_Search_Brand,104.5,110,5851,1
2025-07-20,Bing_Shopping,148.44,156,8312,2
2025-07-21,Bing_Search_Brand,173.56,206,6558,4
2025-07-21,Bing_Shopping,246.17,293,9302,6
2025-07-22,Bing_Search_Brand,186.41,203,7582,4
2025-07-22,Bing_Shopping,288.42,315,11731,6
2025-07-23,Bing_Search_Brand,191.61,198,7825,3
2025-07-23,Bing_Shopping,264.22,273,10791,4
2025-07-24,Bing_Search_Brand,124.15,134,5145,2
2025-07-24,Bing_Shopping,190.85,206,7909,3
2025-07-25,Bing_Search_Brand,143.2,143,5633,3
2025-07-25,Bing_Shopping,220.98,221,8693,4
2025-07-26,Bing_Search_Brand,171.97,196,7034,3
2025-07-26,Bing_Shopping,247.54,283,10125,4
2025-07-27,Bing_Search_Brand,201.83,204,8860,3
2025-07-27,Bing_Shopping,268.93,272,11806,5
2025-07-28,Bing_Search_Brand,164.64,165,6465,2
2025-07-28,Bing_Shopping,207.25,208,8138,3
2025-07-29,Bing_Search_Brand,104.79,104,4075,1
2025-07-29,Bing_Shopping,171.54,171,6671,2
2025-07-30,Bing_Search_Brand,188.86,216,9902,4
2025-07-30,Bing_Shopping,323.11,370,16942,6
2025-07-31,Bing_Search_Brand,163.74,169,5869,3
2025-07-31,Bing_Shopping,221.04,228,7922,4
2025-08-01,Bing_Search_Brand,179.99,196,8283,2
2025-08-01,Bing_Shopping,272.29,296,12531,3
2025-08-02,Bing_Search_Brand,142.68,161,5773,2
2025-08-02,Bing_Shopping,196.83,223,7964,3
2025-08-03,Bing_Search_Brand,120.77,129,5116,2
2025-08-03,Bing_Shopping,175.34,188,7428,3
2025-08-04,Bing_Search_Brand,145.81,160,5378,3
2025-08-04,Bing_Shopping,225.45,248,8316,5
2025-08-05,Bing_Search_Brand,237.8,238,10911,6
2025-08-05,Bing_Shopping,347.65,348,15951,8
2025-08-06,Bing_Search_Brand,193.47,198,9106,3
2025-08-06,Bing_Shopping,250.62,256,11795,4
2025-08-07,Bing_Search_Brand,124.13,138,6227,2
2025-08-07,Bing_Shopping,205.14,229,10292,3
2025-08-08,Bing_Search_Brand,113.67,124,4884,2
2025-08-08,Bing_Shopping,137.0,149,5887,2
2025-08-09,Bing_Search_Brand,105.09,112,3799,1
2025-08-09,Bing_Shopping,161.77,173,5849,2
2025-08-10,Bing_Search_Brand,118.03,124,4184,2
2025-08-10,Bing_Shopping,191.28,201,6781,4
2025-08-11,Bing_Search_Brand,181.08,180,10001,4
2025-08-11,Bing_Shopping,263.1,262,14531,5
2025-08-12,Bing_Search_Brand,135.32,137,5323,2
2025-08-12,Bing_Shopping,209.21,211,8230,4
2025-08-13,Bing_Search_Brand,220.07,230,15021,4
2025-08-13,Bing_Shopping,326.61,342,22292,6
2025-08-14,Bing_Search_Brand,113.01,120,4395,2
2025-08-14,Bing_Shopping,179.71,191,6989,3
2025-08-15,Bing_Search_Brand,228.56,265,9346,5
2025-08-15,Bing_Shopping,327.18,379,13378,7
2025-08-16,Bing_Search_Brand,170.42,167,6747,3
2025-08-16,Bing_Shopping,258.1,254,10218,5
2025-08-17,Bing_Search_Brand,157.14,169,6695,2
2025-08-17,Bing_Shopping,215.1,231,9165,3
2025-08-18,Bing_Search_Brand,99.08,96,3808,1
2025-08-18,Bing_Shopping,149.29,144,5738,2
2025-08-19,Bing_Search_Brand,190.15,197,8742,3
2025-08-19,Bing_Shopping,249.51,259,11472,5
2025-08-20,Bing_Search_Brand,169.47,160,6116,2
2025-08-20,Bing_Shopping,262.95,249,9490,4
2025-08-21,Bing_Search_Brand,116.7,118,4889,1
2025-08-21,Bing_Shopping,192.57,196,8068,3
2025-08-22,Bing_Search_Brand,173.88,197,7121,3
2025-08-22,Bing_Shopping,212.82,242,8716,4
2025-08-23,Bing_Search_Brand,125.23,135,5513,2
2025-08-23,Bing_Shopping,161.1,174,7093,3
2025-08-24,Bing_Search_Brand,111.41,118,5269,1
2025-08-24,Bing_Shopping,175.32,185,8293,2
2025-08-25,Bing_Search_Brand,145.43,160,7866,3
2025-08-25,Bing_Shopping,204.95,226,11085,4
2025-08-26,Bing_Search_Brand,174.35,186,9632,3
2025-08-26,Bing_Shopping,231.76,248,12805,4
2025-08-27,Bing_Search_Brand,231.49,262,9062,4
2025-08-27,Bing_Shopping,378.48,428,14816,6
2025-08-28,Bing_Search_Brand,161.27,169,7182,3
2025-08-28,Bing_Shopping,229.79,241,10233,5
2025-08-29,Bing_Search_Brand,163.74,170,6536,2
2025-08-29,Bing_Shopping,251.41,261,10035,4
2025-08-30,Bing_Search_Brand,141.11,156,5155,2
2025-08-30,Bing_Shopping,196.88,218,7193,4
2025-08-31,Bing_Search_Brand,148.42,141,6079,2
2025-08-31,Bing_Shopping,222.78,212,9124,4
2025-09-01,Bing_Search_Brand,153.68,160,6961,3
2025-09-01,Bing_Shopping,235.54,246,10669,5
2025-09-02,Bing_Search_Brand,219.75,241,9807,3
2025-09-02,Bing_Shopping,298.07,327,13303,5
2025-09-03,Bing_Search_Brand,171.71,197,7873,3
2025-09-03,Bing_Shopping,275.36,316,12626,5
2025-09-04,Bing_Search_Brand,157.27,164,5375,2
2025-09-04,Bing_Shopping,274.65,287,9387,5
2025-09-05,Bing_Search_Brand,144.42,153,5181,3
2025-09-05,Bing_Shopping,231.65,246,8310,4
2025-09-06,Bing_Search_Brand,119.02,120,4478,2
2025-09-06,Bing_Shopping,191.16,193,7192,4
2025-09-07,Bing_Search_Brand,120.39,127,4346,2
2025-09-07,Bing_Shopping,169.5,179,6120,2
2025-09-08,Bing_Search_Brand,158.06,177,7249,3
2025-09-08,Bing_Shopping,245.43,275,11257,5
2025-09-09,Bing_Search_Brand,202.47,195,7550,3
2025-09-09,Bing_Shopping,274.66,265,10242,4
2025-09-10,Bing_Search_Brand,185.12,190,7898,3
2025-09-10,Bing_Shopping,278.59,286,11886,5
2025-09-11,Bing_Search_Brand,187.46,199,9455,3
2025-09-11,Bing_Shopping,235.2,250,11862,4
2025-09-12,Bing_Search_Brand,126.4,131,4603,2
2025-09-12,Bing_Shopping,193.02,201,7029,3
2025-09-13,Bing_Search_Brand,140.84,144,5426,2
2025-09-13,Bing_Shopping,198.18,203,7635,3
2025-09-14,Bing_Search_Brand,119.48,135,5421,2
2025-09-14,Bing_Shopping,184.47,209,8370,3
2025-09-15,Bing_Search_Brand,168.85,176,7045,3
2025-09-15,Bing_Shopping,266.32,277,11111,5
2025-09-16,Bing_Search_Brand,179.99,193,9471,3
2025-09-16,Bing_Shopping,251.32,270,13224,4
2025-09-17,Bing_Search_Brand,178.9,183,8304,3
2025-09-17,Bing_Shopping,265.65,272,12330,4
2025-09-18,Bing_Search_Brand,190.72,208,8024,4
2025-09-18,Bing_Shopping,294.87,322,12406,6
2025-09-19,Bing_Search_Brand,114.29,124,5296,2
2025-09-19,Bing_Shopping,176.78,191,8192,3
2025-09-20,Bing_Search_Brand,161.92,156,6425,3
2025-09-20,Bing_Shopping,233.69,225,9274,4
2025-09-21,Bing_Search_Brand,157.96,155,6317,3
2025-09-21,Bing_Shopping,200.43,197,8016,4
2025-09-22,Bing_Search_Brand,250.38,318,13882,6
2025-09-22,Bing_Shopping,336.41,428,18651,9
2025-09-23,Bing_Search_Brand,173.05,171,7759,3
2025-09-23,Bing_Shopping,238.19,236,10680,5
2025-09-24,Bing_Search_Brand,204.78,216,10718,3
2025-09-24,Bing_Shopping,305.39,322,15984,5
2025-09-25,Bing_Search_Brand,182.56,199,8121,3
2025-09-25,Bing_Shopping,255.42,279,11362,4
2025-09-26,Bing_Search_Brand,107.86,119,4455,2
2025-09-26,Bing_Shopping,161.18,178,6657,3
2025-09-27,Bing_Search_Brand,119.65,132,6586,2
2025-09-27,Bing_Shopping,186.66,206,10275,4
2025-09-28,Bing_Search_Brand,161.22,175,7058,3
2025-09-28,Bing_Shopping,257.95,281,11292,5
2025-09-29,Bing_Search_Brand,133.83,149,5789,2
2025-09-29,Bing_Shopping,227.39,254,9837,5
2025-09-30,Bing_Search_Brand,93.04,105,4776,1
2025-09-30,Bing_Shopping,153.04,173,7856,3
2025-10-01,Bing_Search_Brand,172.13,191,6547,3
2025-10-01,Bing_Shopping,265.7,295,10107,4
2025-10-02,Bing_Search_Brand,133.09,137,5774,3
2025-10-02,Bing_Shopping,179.85,186,7802,4
2025-10-03,Bing_Search_Brand,156.44,164,6648,3
2025-10-03,Bing_Shopping,236.26,247,10041,4
2025-10-04,Bing_Search_Brand,198.91,203,8290,4
2025-10-04,Bing_Shopping,251.54,257,10484,5
2025-10-05,Bing_Search_Brand,175.03,184,9378,3
2025-10-05,Bing_Shopping,257.45,271,13794,4
2025-10-06,Bing_Search_Brand,220.75,249,8901,5
2025-10-06,Bing_Shopping,313.32,354,12634,7
2025-10-07,Bing_Search_Brand,177.19,181,8198,3
2025-10-07,Bing_Shopping,251.2,257,11622,4
2025-10-08,Bing_Search_Brand,188.05,208,8601,3
2025-10-08,Bing_Shopping,261.86,290,11977,4
2025-10-09,Bing_Search_Brand,151.95,154,5763,2
2025-10-09,Bing_Shopping,210.02,213,7965,3
2025-10-10,Bing_Search_Brand,118.47,132,4515,2
2025-10-10,Bing_Shopping,183.51,205,6994,3
2025-10-11,Bing_Search_Brand,118.08,128,5910,2
2025-10-11,Bing_Shopping,154.78,168,7747,2
2025-10-12,Bing_Search_Brand,104.68,112,4745,2
2025-10-12,Bing_Shopping,149.05,159,6756,2
2025-10-13,Bing_Search_Brand,224.06,227,7804,3
2025-10-13,Bing_Shopping,284.28,288,9901,5
2025-10-14,Bing_Search_Brand,117.93,122,4649,2
2025-10-14,Bing_Shopping,148.75,154,5864,2
2025-10-15,Bing_Search_Brand,243.59,256,9480,5
2025-10-15,Bing_Shopping,358.67,377,13959,8
2025-10-16,Bing_Search_Brand,194.98,186,8542,3
2025-10-16,Bing_Shopping,303.46,290,13295,5
2025-10-17,Bing_Search_Brand,172.4,200,8414,2
2025-10-17,Bing_Shopping,255.74,297,12481,4
2025-10-18,Bing_Search_Brand,109.21,121,4958,2
2025-10-18,Bing_Shopping,164.95,183,7489,3
2025-10-19,Bing_Search_Brand,98.36,109,4887,2
2025-10-19,Bing_Shopping,134.77,150,6696,2
2025-10-20,Bing_Search_Brand,160.55,186,9327,3
2025-10-20,Bing_Shopping,223.92,259,13010,5
2025-10-21,Bing_Search_Brand,191.53,209,8920,4
2025-10-21,Bing_Shopping,315.93,345,14714,7
2025-10-22,Bing_Search_Brand,190.06,192,6630,3
2025-10-22,Bing_Shopping,256.67,260,8954,5
2025-10-23,Bing_Search_Brand,134.66,146,5803,2
2025-10-23,Bing_Shopping,206.75,224,8909,3
2025-10-24,Bing_Search_Brand,209.61,224,7698,4
2025-10-24,Bing_Shopping,268.4,287,9857,5
2025-10-25,Bing_Search_Brand,207.43,239,9388,4
2025-10-25,Bing_Shopping,290.35,335,13141,6
2025-10-26,Bing_Search_Brand,126.66,138,6112,3
2025-10-26,Bing_Shopping,191.15,209,9224,4
2025-10-27,Bing_Search_Brand,182.69,196,6824,4
2025-10-27,Bing_Shopping,238.25,256,8900,5
2025-10-28,Bing_Search_Brand,121.05,123,4797,2
2025-10-28,Bing_Shopping,194.21,197,7696,3
2025-10-29,Bing_Search_Brand,182.52,210,7548,4
2025-10-29,Bing_Shopping,244.89,282,10127,5
2025-10-30,Bing_Search_Brand,198.69,214,9819,4
2025-10-30,Bing_Shopping,253.8,273,12543,5
2025-10-31,Bing_Search_Brand,145.27,144,5142,2
2025-10-31,Bing_Shopping,217.23,216,7690,3
2025-11-01,Bing_Search_Brand,177.22,190,6763,2
2025-11-01,Bing_Shopping,241.58,260,9219,3
2025-11-02,Bing_Search_Brand,187.37,221,8574,4
2025-11-02,Bing_Shopping,282.35,334,12920,6
2025-11-03,Bing_Search_Brand,186.55,183,8133,3
2025-11-03,Bing_Shopping,319.45,314,13928,6
2025-11-04,Bing_Search_Brand,250.06,253,10189,4
2025-11-04,Bing_Shopping,325.3,329,13255,5
2025-11-05,Bing_Search_Brand,317.52,319,11897,6
2025-11-05,Bing_Shopping,435.88,438,16332,9
2025-11-06,Bing_Search_Brand,132.85,153,5982,3
2025-11-06,Bing_Shopping,220.26,254,9918,5
2025-11-07,Bing_Search_Brand,236.02,229,8574,3
2025-11-07,Bing_Shopping,315.96,307,11478,4
2025-11-08,Bing_Search_Brand,213.57,234,8350,4
2025-11-08,Bing_Shopping,297.9,326,11648,6
2025-11-09,Bing_Search_Brand,186.81,201,8751,3
2025-11-09,Bing_Shopping,272.45,294,12763,5
2025-11-10,Bing_Search_Brand,209.24,228,10601,4
2025-11-10,Bing_Shopping,281.02,306,14238,5
2025-11-11,Bing_Search_Brand,239.0,239,9617,5
2025-11-11,Bing_Shopping,310.99,311,12513,6
2025-11-12,Bing_Search_Brand,263.51,279,11660,5
2025-11-12,Bing_Shopping,321.46,341,14224,6
2025-11-13,Bing_Search_Brand,253.1,259,9488,5
2025-11-13,Bing_Shopping,381.04,390,14285,8
2025-11-14,Bing_Search_Brand,223.97,234,10773,4
2025-11-14,Bing_Shopping,341.32,357,16417,6
2025-11-15,Bing_Search_Brand,115.36,121,4345,1
2025-11-15,Bing_Shopping,171.87,181,6474,2
2025-11-16,Bing_Search_Brand,236.43,261,9007,5
2025-11-16,Bing_Shopping,304.59,337,11603,6
2025-11-17,Bing_Search_Brand,196.98,189,7562,4
2025-11-17,Bing_Shopping,314.28,301,12065,6
2025-11-18,Bing_Search_Brand,314.94,358,14249,6
2025-11-18,Bing_Shopping,527.37,600,23860,10
2025-11-19,Bing_Search_Brand,181.26,186,8215,2
2025-11-19,Bing_Shopping,269.55,277,12217,4
2025-11-20,Bing_Search_Brand,259.17,267,11444,5
2025-11-20,Bing_Shopping,384.48,396,16977,7
2025-11-21,Bing_Search_Brand,254.07,251,10594,4
2025-11-21,Bing_Shopping,333.51,330,13907,5
2025-11-22,Bing_Search_Brand,230.3,225,7699,4
2025-11-22,Bing_Shopping,390.47,382,13055,7
2025-11-23,Bing_Search_Brand,160.99,170,6872,3
2025-11-23,Bing_Shopping,208.83,220,8914,3
2025-11-24,Bing_Search_Brand,229.73,235,11172,4
2025-11-24,Bing_Shopping,352.72,360,17154,7
2025-11-25,Bing_Search_Brand,317.4,305,11854,5
2025-11-25,Bing_Shopping,510.24,491,19056,8
2025-11-26,Bing_Search_Brand,251.96,266,9680,5
2025-11-26,Bing_Shopping,404.93,427,15558,9
2025-11-27,Bing_Search_Brand,417.7,465,18684,8
2025-11-27,Bing_Shopping,590.54,658,26415,12
2025-11-28,Bing_Search_Brand,215.78,231,7881,4
2025-11-28,Bing_Shopping,359.06,385,13115,7
2025-11-29,Bing_Search_Brand,181.24,204,7488,4
2025-11-29,Bing_Shopping,292.22,330,12073,6
2025-11-30,Bing_Search_Brand,274.71,283,12964,4
2025-11-30,Bing_Shopping,417.68,430,19711,7
2025-12-01,Bing_Search_Brand,342.5,341,14612,7
2025-12-01,Bing_Shopping,441.02,439,18816,9
2025-12-02,Bing_Search_Brand,276.53,292,11401,4
2025-12-02,Bing_Shopping,429.08,454,17690,7
2025-12-03,Bing_Search_Brand,339.38,390,19507,6
2025-12-03,Bing_Shopping,524.77,603,30163,10
2025-12-04,Bing_Search_Brand,303.14,302,11628,7
2025-12-04,Bing_Shopping,455.78,454,17484,10
2025-12-05,Bing_Search_Brand,160.52,186,9439,4
2025-12-05,Bing_Shopping,276.36,320,16250,7
2025-12-06,Bing_Search_Brand,254.81,291,10392,6
2025-12-06,Bing_Shopping,322.63,369,13158,8
2025-12-07,Bing_Search_Brand,145.19,154,5564,2
2025-12-07,Bing_Shopping,210.77,223,8078,3
2025-12-08,Bing_Search_Brand,214.06,222,8382,4
2025-12-08,Bing_Shopping,341.44,354,13371,6
2025-12-09,Bing_Search_Brand,231.21,238,10362,4
2025-12-09,Bing_Shopping,377.14,388,16902,7
2025-12-10,Bing_Search_Brand,307.68,324,12730,6
2025-12-10,Bing_Shopping,437.49,461,18101,8
2025-12-11,Bing_Search_Brand,294.73,283,12101,5
2025-12-11,Bing_Shopping,423.82,408,17402,7
2025-12-12,Bing_Search_Brand,217.39,227,10394,4
2025-12-12,Bing_Shopping,310.33,325,14838,5
2025-12-13,Bing_Search_Brand,164.59,164,6841,3
2025-12-13,Bing_Shopping,278.14,277,11561,5
2025-12-14,Bing_Search_Brand,208.46,210,7775,3
2025-12-14,Bing_Shopping,296.7,299,11067,4
2025-12-15,Bing_Search_Brand,195.49,220,8776,3
2025-12-15,Bing_Shopping,289.14,326,12981,5
2025-12-16,Bing_Search_Brand,209.08,221,7561,4
2025-12-16,Bing_Shopping,296.78,315,10733,6
2025-12-17,Bing_Search_Brand,259.54,245,8990,4
2025-12-17,Bing_Shopping,431.53,408,14948,8
2025-12-18,Bing_Search_Brand,248.16,268,9942,5
2025-12-18,Bing_Shopping,365.02,394,14624,8
2025-12-19,Bing_Search_Brand,182.26,198,9844,3
2025-12-19,Bing_Shopping,241.59,263,13048,4
2025-12-20,Bing_Search_Brand,163.73,170,7064,2
2025-12-20,Bing_Shopping,236.88,246,10220,4
2025-12-21,Bing_Search_Brand,147.75,159,7301,2
2025-12-21,Bing_Shopping,222.31,239,10985,4
2025-12-22,Bing_Search_Brand,110.64,121,4969,1
2025-12-22,Bing_Shopping,181.46,199,8150,3
2025-12-23,Bing_Search_Brand,189.76,204,8924,3
2025-12-23,Bing_Shopping,242.29,261,11394,4
2025-12-24,Bing_Search_Brand,259.04,253,10623,4
2025-12-24,Bing_Shopping,381.44,373,15643,6
2025-12-25,Bing_Search_Brand,160.3,169,6026,3
2025-12-25,Bing_Shopping,207.5,219,7801,3
2025-12-26,Bing_Search_Brand,226.53,256,9699,5
2025-12-26,Bing_Shopping,304.65,344,13044,8
2025-12-27,Bing_Search_Brand,188.32,215,7683,3
2025-12-27,Bing_Shopping,243.7,278,9942,4
2025-12-28,Bing_Search_Brand,154.56,145,7199,2
2025-12-28,Bing_Shopping,200.84,188,9355,3
2025-12-29,Bing_Search_Brand,154.94,164,6541,3
2025-12-29,Bing_Shopping,247.43,262,10446,5
2025-12-30,Bing_Search_Brand,123.16,126,4530,2
2025-12-30,Bing_Shopping,198.84,204,7315,4
2025-12-31,Bing_Search_Brand,160.11,175,5948,4
2025-12-31,Bing_Shopping,215.2,236,7995,6
2026-01-01,Bing_Search_Brand,213.16,220,10824,4
2026-01-01,Bing_Shopping,324.75,335,16490,7
2026-01-02,Bing_Search_Brand,134.85,131,5496,2
2026-01-02,Bing_Shopping,199.2,194,8119,4
2026-01-03,Bing_Search_Brand,189.55,206,7344,3
2026-01-03,Bing_Shopping,260.55,283,10095,4
2026-01-04,Bing_Search_Brand,116.04,119,4872,1
2026-01-04,Bing_Shopping,146.07,149,6133,2
2026-01-05,Bing_Search_Brand,115.07,130,5863,2
2026-01-05,Bing_Shopping,177.67,201,9053,3
2026-01-06,Bing_Search_Brand,240.79,229,11254,3
2026-01-06,Bing_Shopping,379.38,360,17732,5
2026-01-07,Bing_Search_Brand,213.43,221,9993,4
2026-01-07,Bing_Shopping,287.54,298,13463,6
2026-01-08,Bing_Search_Brand,165.42,177,8908,2
2026-01-08,Bing_Shopping,218.32,234,11757,3
2026-01-09,Bing_Search_Brand,179.59,191,7618,4
2026-01-09,Bing_Shopping,301.18,321,12775,6
2026-01-10,Bing_Search_Brand,185.24,200,7234,3
2026-01-10,Bing_Shopping,262.57,283,10254,5
2026-01-11,Bing_Search_Brand,177.29,190,9002,3
2026-01-11,Bing_Shopping,234.07,252,11884,4
2026-01-12,Bing_Search_Brand,153.32,185,7182,3
2026-01-12,Bing_Shopping,224.66,271,10524,4
2026-01-13,Bing_Search_Brand,162.37,171,6232,2
2026-01-13,Bing_Shopping,250.39,264,9610,4
2026-01-14,Bing_Search_Brand,196.26,207,8319,4
2026-01-14,Bing_Shopping,298.97,316,12673,6
2026-01-15,Bing_Search_Brand,213.24,218,10838,4
2026-01-15,Bing_Shopping,284.77,291,14474,6
2026-01-16,Bing_Search_Brand,126.13,136,5212,2
2026-01-16,Bing_Shopping,188.44,203,7788,3
2026-01-17,Bing_Search_Brand,140.57,154,6207,3
2026-01-17,Bing_Shopping,217.75,238,9615,4
2026-01-18,Bing_Search_Brand,172.48,181,7391,3
2026-01-18,Bing_Shopping,223.6,235,9583,4
2026-01-19,Bing_Search_Brand,209.1,240,10289,4
2026-01-19,Bing_Shopping,293.94,337,14464,6
2026-01-20,Bing_Search_Brand,201.8,210,8343,4
2026-01-20,Bing_Shopping,303.47,316,12547,6
2026-01-21,Bing_Search_Brand,121.48,141,5334,2
2026-01-21,Bing_Shopping,189.02,220,8301,4
2026-01-22,Bing_Search_Brand,186.69,185,5762,3
2026-01-22,Bing_Shopping,246.83,245,7619,5
2026-01-23,Bing_Search_Brand,136.95,138,5484,2
2026-01-23,Bing_Shopping,176.93,179,7085,3
2026-01-24,Bing_Search_Brand,170.48,188,6378,3
2026-01-24,Bing_Shopping,237.88,262,8900,4
2026-01-25,Bing_Search_Brand,181.68,184,7078,3
2026-01-25,Bing_Shopping,244.13,248,9511,4
2026-01-26,Bing_Search_Brand,182.7,191,7732,3
2026-01-26,Bing_Shopping,239.47,250,10136,4
2026-01-27,Bing_Search_Brand,164.84,183,7199,3
2026-01-27,Bing_Shopping,247.54,275,10811,5
2026-01-28,Bing_Search_Brand,173.88,204,9595,3
2026-01-28,Bing_Shopping,289.35,340,15966,5
2026-01-29,Bing_Search_Brand,190.92,197,7619,4
2026-01-29,Bing_Shopping,282.61,292,11279,6
2026-01-30,Bing_Search_Brand,134.35,147,7742,2
2026-01-30,Bing_Shopping,213.04,233,12276,4
2026-01-31,Bing_Search_Brand,109.37,108,4854,1
2026-01-31,Bing_Shopping,147.73,146,6556,2
2026-02-01,Bing_Search_Brand,85.72,89,3544,1
2026-02-01,Bing_Shopping,136.37,142,5639,2
2026-02-02,Bing_Search_Brand,199.42,217,7615,4
2026-02-02,Bing_Shopping,320.66,349,12244,7
2026-02-03,Bing_Search_Brand,225.57,216,7395,3
2026-02-03,Bing_Shopping,301.81,289,9894,5
2026-02-04,Bing_Search_Brand,192.0,195,8061,4
2026-02-04,Bing_Shopping,276.19,281,11595,6
2026-02-05,Bing_Search_Brand,199.5,259,10199,4
2026-02-05,Bing_Shopping,320.93,417,16408,6
2026-02-06,Bing_Search_Brand,109.36,117,4213,1
2026-02-06,Bing_Shopping,184.08,198,7092,3
2026-02-07,Bing_Search_Brand,89.63,101,4828,1
2026-02-07,Bing_Shopping,138.88,157,7482,3
2026-02-08,Bing_Search_Brand,174.71,191,7308,3
2026-02-08,Bing_Shopping,227.3,249,9508,4
2026-02-09,Bing_Search_Brand,197.61,209,9297,4
2026-02-09,Bing_Shopping,265.25,281,12479,5
2026-02-10,Bing_Search_Brand,125.17,129,5270,2
2026-02-10,Bing_Shopping,184.02,189,7748,3
2026-02-11,Bing_Search_Brand,193.21,200,8484,4
2026-02-11,Bing_Shopping,280.54,291,12319,6
2026-02-12,Bing_Search_Brand,183.74,182,6940,4
2026-02-12,Bing_Shopping,233.2,231,8808,5
2026-02-13,Bing_Search_Brand,141.3,143,5395,2
2026-02-13,Bing_Shopping,199.86,203,7631,3
2026-02-14,Bing_Search_Brand,142.18,144,5235,2
2026-02-14,Bing_Shopping,196.43,200,7232,3
2026-02-15,Bing_Search_Brand,74.63,77,2970,1
2026-02-15,Bing_Shopping,117.24,121,4667,1
2026-02-16,Bing_Search_Brand,147.5,145,5697,2
2026-02-16,Bing_Shopping,200.17,197,7731,3
2026-02-17,Bing_Search_Brand,176.93,189,6194,3
2026-02-17,Bing_Shopping,239.93,256,8400,4
2026-02-18,Bing_Search_Brand,227.25,242,11877,4
2026-02-18,Bing_Shopping,298.0,318,15576,5
2026-02-19,Bing_Search_Brand,194.06,226,7543,4
2026-02-19,Bing_Shopping,241.06,281,9370,5
2026-02-20,Bing_Search_Brand,186.32,185,7689,3
2026-02-20,Bing_Shopping,255.98,254,10563,5
2026-02-21,Bing_Search_Brand,68.15,71,2688,1
2026-02-21,Bing_Shopping,99.35,104,3919,1
2026-02-22,Bing_Search_Brand,135.35,123,5125,2
2026-02-22,Bing_Shopping,180.83,164,6848,2
2026-02-23,Bing_Search_Brand,188.75,202,8866,4
2026-02-23,Bing_Shopping,251.53,270,11814,5
2026-02-24,Bing_Search_Brand,182.15,190,7201,3
2026-02-24,Bing_Shopping,278.83,291,11023,5
2026-02-25,Bing_Search_Brand,215.88,220,7853,3
2026-02-25,Bing_Shopping,353.51,361,12859,6
2026-02-26,Bing_Search_Brand,112.3,125,4735,1
2026-02-26,Bing_Shopping,170.49,189,7188,2
2026-02-27,Bing_Search_Brand,161.98,167,7159,2
2026-02-27,Bing_Shopping,266.04,274,11758,4
2026-02-28,Bing_Search_Brand,134.58,141,3942,2
2026-02-28,Bing_Shopping,192.36,201,5634,3
2026-03-01,Bing_Search_Brand,121.0,129,4513,1
2026-03-01,Bing_Shopping,188.58,201,7033,2
2026-03-02,Bing_Search_Brand,206.95,205,7375,4
2026-03-02,Bing_Shopping,299.96,297,10690,5
2026-03-03,Bing_Search_Brand,233.8,258,10787,5
2026-03-03,Bing_Shopping,317.09,350,14630,7
2026-03-04,Bing_Search_Brand,238.88,247,10711,4
2026-03-04,Bing_Shopping,365.45,378,16386,6
2026-03-05,Bing_Search_Brand,279.55,273,11305,4
2026-03-05,Bing_Shopping,372.24,363,15054,6
2026-03-06,Bing_Search_Brand,203.42,222,7872,4
2026-03-06,Bing_Shopping,283.86,310,10985,6
2026-03-07,Bing_Search_Brand,118.12,125,5716,2
2026-03-07,Bing_Shopping,184.05,196,8907,4
2026-03-08,Bing_Search_Brand,140.07,130,6007,2
2026-03-08,Bing_Shopping,236.28,220,10133,3
2026-03-09,Bing_Search_Brand,172.47,176,6637,3
2026-03-09,Bing_Shopping,236.04,241,9084,4
2026-03-10,Bing_Search_Brand,297.54,321,12392,6
2026-03-10,Bing_Shopping,365.68,395,15230,7
2026-03-11,Bing_Search_Brand,227.51,229,10115,4
2026-03-11,Bing_Shopping,362.35,365,16111,7
2026-03-12,Bing_Search_Brand,167.29,181,8350,4
2026-03-12,Bing_Shopping,248.87,269,12423,6
2026-03-13,Bing_Search_Brand,195.7,224,7645,4
2026-03-13,Bing_Shopping,284.59,325,11117,6
2026-03-14,Bing_Search_Brand,109.51,107,4114,2
2026-03-14,Bing_Shopping,168.34,164,6325,3
2026-03-15,Bing_Search_Brand,171.84,191,9169,3
2026-03-15,Bing_Shopping,219.02,244,11687,5
2026-03-16,Bing_Search_Brand,146.93,136,6472,3
2026-03-16,Bing_Shopping,189.53,176,8348,3
2026-03-17,Bing_Search_Brand,115.32,124,5201,2
2026-03-17,Bing_Shopping,183.75,198,8288,4
2026-03-18,Bing_Search_Brand,238.85,225,8303,4
2026-03-18,Bing_Shopping,326.72,308,11358,6
2026-03-19,Bing_Search_Brand,240.72,272,10187,4
2026-03-19,Bing_Shopping,337.68,382,14291,6
2026-03-20,Bing_Search_Brand,175.37,174,6162,3
2026-03-20,Bing_Shopping,262.15,261,9211,4
2026-03-21,Bing_Search_Brand,151.91,155,7577,3
2026-03-21,Bing_Shopping,213.73,218,10660,4
2026-03-22,Bing_Search_Brand,125.87,126,4939,2
2026-03-22,Bing_Shopping,159.94,161,6276,2
2026-03-23,Bing_Search_Brand,133.41,133,4558,2
2026-03-23,Bing_Shopping,194.4,194,6642,4
2026-03-24,Bing_Search_Brand,150.27,162,5590,3
2026-03-24,Bing_Shopping,227.27,245,8454,5
2026-03-25,Bing_Search_Brand,196.53,222,8513,3
2026-03-25,Bing_Shopping,290.86,328,12599,5
2026-03-26,Bing_Search_Brand,224.67,236,7389,4
2026-03-26,Bing_Shopping,316.11,333,10396,6
2026-03-27,Bing_Search_Brand,206.12,214,7992,3
2026-03-27,Bing_Shopping,285.77,297,11082,5
2026-03-28,Bing_Search_Brand,93.03,100,3569,1
2026-03-28,Bing_Shopping,149.81,161,5748,3
2026-03-29,Bing_Search_Brand,119.52,123,4927,2
2026-03-29,Bing_Shopping,183.26,189,7554,3
2026-03-30,Bing_Search_Brand,145.52,150,6636,3
2026-03-30,Bing_Shopping,197.82,204,9021,4
2026-03-31,Bing_Search_Brand,99.24,109,4885,2
2026-03-31,Bing_Shopping,139.51,153,6867,2
2026-04-01,Bing_Search_Brand,246.56,253,9938,4
2026-04-01,Bing_Shopping,300.08,308,12095,5
2026-04-02,Bing_Search_Brand,154.62,164,6765,3
2026-04-02,Bing_Shopping,244.79,260,10710,5
2026-04-03,Bing_Search_Brand,161.57,176,8947,3
2026-04-03,Bing_Shopping,220.54,240,12212,4
2026-04-04,Bing_Search_Brand,174.95,176,8049,3
2026-04-04,Bing_Shopping,271.62,273,12497,5
2026-04-05,Bing_Search_Brand,137.77,150,6276,2
2026-04-05,Bing_Shopping,206.28,225,9397,4
2026-04-06,Bing_Search_Brand,170.74,183,6761,4
2026-04-06,Bing_Shopping,213.13,229,8440,5
2026-04-07,Bing_Search_Brand,218.42,228,9168,4
2026-04-07,Bing_Shopping,291.52,305,12236,5
2026-04-08,Bing_Search_Brand,215.68,211,8536,4
2026-04-08,Bing_Shopping,346.67,340,13721,6
2026-04-09,Bing_Search_Brand,178.23,185,8411,3
2026-04-09,Bing_Shopping,263.68,274,12444,4
2026-04-10,Bing_Search_Brand,193.55,198,7898,3
2026-04-10,Bing_Shopping,269.12,275,10982,5
2026-04-11,Bing_Search_Brand,135.36,144,4993,2
2026-04-11,Bing_Shopping,190.59,203,7030,3
2026-04-12,Bing_Search_Brand,136.08,143,5635,2
2026-04-12,Bing_Shopping,211.3,222,8750,4
2026-04-13,Bing_Search_Brand,176.87,186,9102,3
2026-04-13,Bing_Shopping,269.25,283,13857,5
2026-04-14,Bing_Search_Brand,169.14,175,8248,2
2026-04-14,Bing_Shopping,258.15,267,12589,4
2026-04-15,Bing_Search_Brand,159.89,170,6373,2
2026-04-15,Bing_Shopping,249.42,266,9942,4
2026-04-16,Bing_Search_Brand,241.62,237,9761,4
2026-04-16,Bing_Shopping,325.09,319,13132,5
2026-04-17,Bing_Search_Brand,248.94,266,10774,5
2026-04-17,Bing_Shopping,318.96,342,13805,7
2026-04-18,Bing_Search_Brand,179.91,208,8980,4
2026-04-18,Bing_Shopping,278.55,322,13903,6
2026-04-19,Bing_Search_Brand,108.73,99,3768,1
2026-04-19,Bing_Shopping,170.06,156,5894,3
2026-04-20,Bing_Search_Brand,111.2,118,4931,1
2026-04-20,Bing_Shopping,194.79,208,8638,3
2026-04-21,Bing_Search_Brand,154.48,152,6220,2
2026-04-21,Bing_Shopping,231.55,227,9324,4
2026-04-22,Bing_Search_Brand,224.45,219,9784,4
2026-04-22,Bing_Shopping,320.53,313,13972,7
2026-04-23,Bing_Search_Brand,91.28,91,3286,1
2026-04-23,Bing_Shopping,116.7,116,4201,2
2026-04-24,Bing_Search_Brand,133.96,142,5850,2
2026-04-24,Bing_Shopping,192.21,204,8394,3
2026-04-25,Bing_Search_Brand,191.85,198,7414,4
2026-04-25,Bing_Shopping,267.15,276,10324,5
2026-04-26,Bing_Search_Brand,166.12,187,8738,4
2026-04-26,Bing_Shopping,253.57,285,13338,6
2026-04-27,Bing_Search_Brand,141.68,134,4463,2
2026-04-27,Bing_Shopping,245.17,233,7724,3
2026-04-28,Bing_Search_Brand,166.88,183,6373,3
2026-04-28,Bing_Shopping,275.54,303,10522,5
2026-04-29,Bing_Search_Brand,209.69,223,11590,4
2026-04-29,Bing_Shopping,296.41,315,16384,5
2026-04-30,Bing_Search_Brand,217.76,227,10074,4
2026-04-30,Bing_Shopping,302.92,316,14014,6
2026-05-01,Bing_Search_Brand,132.41,140,5301,2
2026-05-01,Bing_Shopping,210.3,222,8419,4
2026-05-02,Bing_Search_Brand,138.8,151,7181,3
2026-05-02,Bing_Shopping,219.69,239,11367,5
2026-05-03,Bing_Search_Brand,130.24,127,5182,2
2026-05-03,Bing_Shopping,185.13,181,7366,3
2026-05-04,Bing_Search_Brand,143.26,143,5449,3
2026-05-04,Bing_Shopping,180.73,180,6874,4
2026-05-05,Bing_Search_Brand,175.54,181,7424,3
2026-05-05,Bing_Shopping,281.5,291,11906,5
2026-05-06,Bing_Search_Brand,169.6,182,6841,3
2026-05-06,Bing_Shopping,257.16,276,10373,5
2026-05-07,Bing_Search_Brand,144.89,144,6296,2
2026-05-07,Bing_Shopping,210.03,209,9127,4
2026-05-08,Bing_Search_Brand,185.92,200,10973,4
2026-05-08,Bing_Shopping,284.11,306,16769,6
2026-05-09,Bing_Search_Brand,175.49,170,6099,3
2026-05-09,Bing_Shopping,232.29,225,8073,4
2026-05-10,Bing_Search_Brand,188.02,196,7038,3
2026-05-10,Bing_Shopping,267.24,279,10003,5
2026-05-11,Bing_Search_Brand,143.28,141,4355,3
2026-05-11,Bing_Shopping,205.33,202,6242,4
2026-05-12,Bing_Search_Brand,109.28,115,6287,2
2026-05-12,Bing_Shopping,182.7,193,10512,3
2026-05-13,Bing_Search_Brand,222.44,233,8552,4
2026-05-13,Bing_Shopping,294.94,309,11339,5
2026-05-14,Bing_Search_Brand,148.51,146,7683,2
2026-05-14,Bing_Shopping,233.42,230,12077,4
2026-05-15,Bing_Search_Brand,126.58,119,3938,2
2026-05-15,Bing_Shopping,202.39,190,6297,3
2026-05-16,Bing_Search_Brand,123.64,120,4539,1
2026-05-16,Bing_Shopping,160.7,156,5900,2
2026-05-17,Bing_Search_Brand,150.16,150,6805,2
2026-05-17,Bing_Shopping,216.76,217,9823,4
2026-05-18,Bing_Search_Brand,256.22,261,9555,4
2026-05-18,Bing_Shopping,312.36,318,11648,6
2026-05-19,Bing_Search_Brand,170.8,184,7906,3
2026-05-19,Bing_Shopping,234.04,252,10833,5
2026-05-20,Bing_Search_Brand,172.29,178,6877,3
2026-05-20,Bing_Shopping,211.46,218,8440,3
2026-05-21,Bing_Search_Brand,222.52,245,9599,3
2026-05-21,Bing_Shopping,321.98,355,13889,5
2026-05-22,Bing_Search_Brand,184.01,189,6281,3
2026-05-22,Bing_Shopping,249.26,257,8508,4
2026-05-23,Bing_Search_Brand,95.94,98,3240,1
2026-05-23,Bing_Shopping,134.69,138,4549,2
2026-05-24,Bing_Search_Brand,160.86,188,8121,3
2026-05-24,Bing_Shopping,251.36,294,12691,5
2026-05-25,Bing_Search_Brand,269.32,282,10028,5
2026-05-25,Bing_Shopping,382.62,401,14246,7
2026-05-26,Bing_Search_Brand,105.91,108,4180,1
2026-05-26,Bing_Shopping,137.49,141,5427,2
2026-05-27,Bing_Search_Brand,145.3,153,7385,2
2026-05-27,Bing_Shopping,230.55,243,11717,4
2026-05-28,Bing_Search_Brand,74.15,76,3336,1
2026-05-28,Bing_Shopping,116.93,120,5261,1
2026-05-29,Bing_Search_Brand,151.72,171,5363,3
2026-05-29,Bing_Shopping,220.54,249,7796,4
2026-05-30,Bing_Search_Brand,195.94,214,8230,4
2026-05-30,Bing_Shopping,260.41,285,10939,5
2026-05-31,Bing_Search_Brand,159.64,159,5679,2
2026-05-31,Bing_Shopping,248.67,247,8846,4
2026-06-01,Bing_Search_Brand,252.86,265,10910,5
2026-06-01,Bing_Shopping,309.71,325,13363,7
2026-06-02,Bing_Search_Brand,254.13,262,11227,4
2026-06-02,Bing_Shopping,317.29,327,14017,6
2026-06-03,Bing_Search_Brand,248.79,269,10744,5
2026-06-03,Bing_Shopping,371.63,402,16050,8
2026-06-04,Bing_Search_Brand,209.67,220,9107,4
2026-06-04,Bing_Shopping,327.7,344,14234,6
2026-06-05,Bing_Search_Brand,141.27,168,8232,3
2026-06-05,Bing_Shopping,235.88,282,13746,6
2026-06-06,Bing_Search_Brand,152.42,153,6974,2
2026-06-06,Bing_Shopping,204.8,206,9371,3
2026-06-07,Bing_Search_Brand,144.91,138,5123,2
2026-06-07,Bing_Shopping,174.02,166,6152,3
2026-06-08,Bing_Search_Brand,158.34,176,7385,3
2026-06-08,Bing_Shopping,263.52,293,12291,5
2026-06-09,Bing_Search_Brand,179.43,198,7923,4
2026-06-09,Bing_Shopping,306.75,339,13546,6
2026-06-10,Bing_Search_Brand,193.7,199,7741,4
2026-06-10,Bing_Shopping,304.51,312,12170,6
2026-06-11,Bing_Search_Brand,215.67,210,8114,4
2026-06-11,Bing_Shopping,366.33,357,13783,7
2026-06-12,Bing_Search_Brand,170.81,179,6308,3
2026-06-12,Bing_Shopping,224.43,235,8288,4
2026-06-13,Bing_Search_Brand,109.92,123,5693,2
2026-06-13,Bing_Shopping,185.22,208,9594,4
2026-06-14,Bing_Search_Brand,131.03,139,5220,2
2026-06-14,Bing_Shopping,173.95,185,6930,3
2026-06-15,Bing_Search_Brand,201.65,224,8218,4
2026-06-15,Bing_Shopping,308.24,342,12563,6
